start,end,refuelCost
LUP,EKI,6553.527472083711
LUP,YPO,5137.249541044142
LUP,AGM,1220.3960586258515
EKI,YPO,1095.6162284766538
EKI,MRV,140.15748777230056
EKI,AGM,533.8281981217705
EKI,LUP,6553.527472083711
YPO,MRV,121.38316260484596
YPO,AGM,375.11596766922304
YPO,LUP,6566.37796651311
YPO,EKI,1400.4050620755072
YPO,VOK,1210.7392705452232
YPO,GZO,1533.3367920364549
YPO,QNC,5702.702505313057
YPO,KKC,347.35435117639855
MRV,AGM,699.0651213128958
MRV,YPO,5912.252073594301
MRV,EKI,8725.81524923614
AGM,LUP,8641.132689732895
AGM,YPO,2077.9744985139123
AGM,MRV,79.50561528961592
AGM,EKI,3779.8223461039984
LOV,BBO,20.218444002292305
LOV,BHI,904.5593879304902
LOV,VKO,152.96202750209488
LOV,VCS,0.6730055968455271
BBO,BHI,1319.702003204035
BBO,VCS,0.30269567993960794
BBO,VKO,77.28018730322222
BBO,LOV,890.2497079345061
BBO,KWM,8003.559226129773
BBO,BJZ,6010.269401283779
BHI,VKO,213.59017448364008
BHI,LOV,513.6156820645095
BHI,BBO,17.01817384335268
VKO,VCS,0.35475653470860313
VKO,BHI,1515.0326680893368
VKO,LOV,616.0635989552876
VKO,BBO,7.0688045341661265
VCS,LOV,922.0777574638048
VCS,VKO,120.68057118212305
VCS,BBO,9.418700398120837
start,end,refuelCost
YOD,EMD,9321.960260850585
YOD,SMR,2.085134780264341
YOD,ZML,594.9416630769178
YOD,CGO,1431.2014991039816
EMD,SMR,5.54955686063704
EMD,ZML,8963.47948604038
EMD,CGO,1144.3080616542497
EMD,YOD,9540.453745525147
EMD,HHH,14376.802494746858
EMD,PJA,1518.382800620626
SMR,ZML,4570.655943466229
SMR,CGO,2297.297886277095
SMR,YOD,4274.497507291412
SMR,EMD,11115.97235851987
SMR,MUK,6798.043664879111
SMR,XQU,4641.123055892974
SMR,NKG,2325.111200971241
SMR,AVO,1882.1811855332332
ZML,CGO,1399.1223816360591
ZML,YOD,594.9416630769178
ZML,SMR,2.2296032832131503
ZML,EMD,8758.199745689193
ZML,VNA,1.336882417250182
ZML,ARE,5675.4767872220145
ZML,MEY,103.70824486151182
ZML,LYI,1357.1354626675072
CGO,YOD,6876.251603785668
CGO,ZML,6722.126497659849
CGO,SMR,5.384152521818357
CGO,EMD,5371.952343804707
AUY,VOK,11703.051856606111
AUY,YVB,10561.134981525413
AUY,BPX,1482.3164332495135
AUY,ABT,3702.6619297979996
VOK,YVB,1454.8921879337854
VOK,BPX,1807.3597691615137
VOK,ABT,2874.4619870293573
VOK,AUY,111.3566106254637
VOK,GZO,1529.620389028835
VOK,YPO,947.2299331004629
VOK,QNC,6662.452321233897
VOK,KKC,380.1780577259441
YVB,BPX,1715.1244250734867
YVB,ABT,2413.7339031678607
YVB,AUY,128.44662079107022
YVB,VOK,1859.627789184394
BPX,ABT,1425.3496853697068
BPX,AUY,86.61716996360263
BPX,YVB,8240.36803062815
BPX,VOK,11099.177663303844
ABT,AUY,132.07282458402346
ABT,BPX,870.0771489119704
ABT,YVB,7079.078136394717
ABT,VOK,10775.541419571135
JOK,STE,7665.2846103588445
JOK,TMP,1474.3133009673256
JOK,YUL,5514.183216291517
JOK,KPC,5827.0145556885545
JOK,DYU,440.5271436685314
JOK,ODB,4356.576059543399
JOK,NAQ,602.1105793521917
JOK,HUX,693.4468337866925
STE,TMP,6803.466416035217
STE,YUL,923.0812509667794
STE,KPC,4786.856922741557
STE,JOK,123.12282616132883
TMP,YUL,4484.540985974812
TMP,KPC,5601.496509748498
TMP,JOK,22.468534706742044
TMP,STE,6455.128935534213
TMP,MSH,13070.624283017285
TMP,XBG,4202.894658225069
TMP,OMN,7511.27367077092
TMP,MLB,7591.509937345584
YUL,KPC,5363.94706225353
YUL,JOK,113.21049739496529
YUL,TMP,6041.413156371835
YUL,STE,1179.8726807453595
KPC,JOK,93.59580715503117
KPC,YUL,4196.519713649658
KPC,TMP,5903.769508588215
KPC,STE,4786.856922741557
KPC,CTL,7943.622064051666
KPC,HGR,5717.143144129204
KPC,HVG,558.4105266897361
KPC,KCT,76.05218314300393
VCV,COR,994.6123906727097
VCV,YKX,2540.7126275785085
VCV,CZW,2321.256995004127
VCV,LPG,1070.1001065177463
VCV,C02,2520.711193423991
VCV,TIA,75.96142499695672
VCV,MTM,2401.78662796343
VCV,FWM,11274.095050985467
COR,YKX,6667.620162685454
COR,CZW,2955.5020230574464
COR,LPG,77.17523297984899
COR,VCV,8729.770918318844
YKX,CZW,1592.2131218310772
YKX,LPG,1027.6033958536668
YKX,VCV,3247.511977699702
YKX,COR,970.995203538054
CZW,LPG,1312.9026166344845
CZW,VCV,9112.158199668662
CZW,YKX,4889.945388230072
CZW,COR,1321.844305719942
LPG,VCV,9392.330999667323
LPG,CZW,2935.5093657775665
LPG,YKX,7056.336732120045
LPG,COR,77.17523297984899
LIF,PIO,3763.359327832056
LIF,UUU,13389.906295518236
LIF,VEL,10383.557962407127
PIO,DKR,10.966235690147078
PIO,UUU,5851.74344992006
PIO,VEL,6579.540826530641
PIO,LIF,101.3398173754262
DKR,UUU,5632.902054537619
DKR,VEL,8651.607275712771
DKR,PIO,2239.299571373865
UUU,VEL,3021.608163336363
UUU,LIF,118.26245231496925
UUU,DKR,9.047789556403174
UUU,PIO,1919.3323794425828
VEL,LIF,91.70975519073748
VEL,UUU,3021.608163336363
VEL,DKR,13.896553001882655
VEL,PIO,2158.0450097136754
MEY,LYI,515.042435801191
MEY,ARE,13296.031976627151
MEY,VNA,0.3136941481143239
MEY,ZML,8077.925515288584
LYI,ARE,13323.289519827553
LYI,VNA,0.29251254522645764
LYI,ZML,6520.399054615474
LYI,MEY,31.7692842277369
ARE,ZML,4440.247069092434
ARE,MEY,133.54888779221835
ARE,LYI,2169.5280678892886
VNA,MEY,25.143021291249006
VNA,ZML,8346.239010301178
VNA,LYI,380.0940978762633
SHM,PZI,511.2430287715026
SHM,AUW,9648.200655514636
SHM,QSF,104.52483559376081
SHM,BEZ,4172.626487880964
SHM,HAK,446.94590903650175
SHM,YCB,5627.488372564957
SHM,HER,9456.706764125116
SHM,CWL,13655.21146585035
PZI,QSF,86.52872369962348
PZI,BEZ,6168.8612666637955
PZI,AUW,11370.63829434222
PZI,SHM,25.88312602621808
PZI,HDB,8017.767730030595
PZI,SKX,83.71575886400096
PZI,JZH,112.09917933762483
PZI,LDN,14.308963295201751
QSF,AUW,7220.130785278791
QSF,SHM,83.5216328546733
QSF,PZI,1365.6847289398129
QSF,PJA,397.16995591621156
QSF,SNN,2148.9147014545315
QSF,HHH,7259.826494276814
AUW,BEZ,7579.175443526641
AUW,QSF,74.49184259811773
AUW,SHM,79.54070987292947
AUW,PZI,1851.5636767241494
BEZ,SHM,44.99970272742989
BEZ,AUW,9914.68586904464
BEZ,PZI,1314.0618581270598
UYN,NLA,1315.937343417843
UYN,KPB,7523.074242398292
UYN,YGV,7532.184379180812
UYN,POL,257.16889846470525
NLA,KPB,14195.287728551319
NLA,YGV,8369.945325758787
NLA,POL,36.059549785996914
NLA,UYN,1566.3506899696206
KPB,YGV,3335.927216541729
KPB,POL,425.7382546986521
KPB,UYN,1225.0368575574792
KPB,NLA,1941.9776003013926
YGV,POL,340.09019521241555
YGV,UYN,1567.7252951413655
YGV,KPB,4263.9468450152135
YGV,NLA,1463.5846736945853
POL,UYN,1415.482536971748
POL,YGV,8993.550121345781
POL,KPB,14390.468687498436
POL,NLA,166.7449078098468
VOH,TTU,755.9174196719887
VOH,3W2,13742.387984901397
VOH,OAJ,13534.076927834154
VOH,RHO,5994.021195379051
TTU,3W2,6189.403389547538
TTU,OAJ,6079.60718304695
TTU,RHO,2991.4578952224
TTU,VOH,2.540162823926729
3W2,OAJ,798.4782253519229
3W2,RHO,8856.360891631568
3W2,VOH,4.620385505041679
3W2,TTU,619.2665090321963
OAJ,RHO,8982.441587495856
OAJ,VOH,4.5503483768751005
OAJ,3W2,798.4782253519229
OAJ,TTU,608.2811023257241
RHO,VOH,1.9120927613259173
RHO,OAJ,8522.540578216067
RHO,3W2,8402.915213980032
RHO,TTU,283.97909799346246
MJM,HVR,12883.49248918937
MJM,FMO,6650.906567903921
MJM,DSO,81.74662861242955
MJM,FJR,1281.766722760643
HVR,FMO,7355.513644033847
HVR,DSO,61.1553785256279
HVR,FJR,3025.483134558973
HVR,MJM,20.6939740235293
FMO,DSO,58.08550505099134
FMO,FJR,1304.117310197336
FMO,MJM,10.135981609485576
FMO,HVR,6978.911345459314
DSO,FJR,1731.0177900852332
DSO,MJM,17.723980936881865
DSO,FMO,8263.693989328685
DSO,HVR,8254.975550592651
FJR,MJM,7.559645841668807
FJR,DSO,47.087167362651336
FJR,FMO,5046.893615314768
FJR,HVR,11109.049528132946
BMY,GLK,18.122190755200926
BMY,ASB,4212.309926411799
BMY,GAI,13159.07620542663
GLK,ASB,1211.77003922028
GLK,BRR,10265.158789835104
GLK,GAI,11737.9403051221
GLK,BMY,108.9411467206483
ASB,BRR,7206.950260108106
ASB,GAI,9783.927632568768
ASB,BMY,106.03531746269414
ASB,GLK,5.074218788444189
BRR,GAI,5008.413562814677
BRR,ASB,1710.167325960502
BRR,GLK,10.200036604911352
GAI,BMY,116.22371269126809
GAI,ASB,3432.830426730757
GAI,BRR,7405.463097884392
GAI,GLK,17.245666932272563
ANN,SHR,1975.515912348024
ANN,TJS,0.7943782664498253
ANN,YNZ,1245.4802257588426
ANN,GNY,3502.1023537796887
SHR,TJS,0.943485285287865
SHR,YNZ,1561.878117278951
SHR,GNY,3705.082484555006
SHR,ANN,1975.515912348024
TJS,YNZ,526.6816354871354
TJS,GNY,3180.040978784864
TJS,ANN,10497.299431860645
TJS,SHR,12467.671847926551
YNZ,GNY,2578.659422467579
YNZ,ANN,7648.619017475663
YNZ,TJS,0.24476208043997616
YNZ,SHR,9591.65021148394
GNY,ANN,9194.22997583334
GNY,YNZ,1102.3876058971805
GNY,TJS,0.6317845663440875
GNY,SHR,9727.123025306557
AGF,EFD,7768.256053895205
AGF,YCR,4909.84389565701
AGF,LBZ,55.38024115577686
AGF,SKB,2316.1690313684694
EFD,YCR,2069.587405450988
EFD,LBZ,115.98181671699064
EFD,SKB,1258.2414281217323
EFD,AGF,8187.453682435925
YCR,LBZ,112.52045909304331
YCR,SKB,1803.7106104263685
YCR,AGF,6614.366018667668
YCR,EFD,2645.324707385016
LBZ,SKB,3388.589138652136
LBZ,AGF,6191.887427971473
LBZ,YCR,9338.543916006938
LBZ,EFD,12303.61669287575
SKB,AGF,6561.385357984333
SKB,LBZ,85.85705738273289
SKB,YCR,3792.901943681284
SKB,EFD,3381.9248356994326
GHB,ZNZ,6.749299120725264
GHB,HEN,8182.255397686002
GHB,YSJ,1793.0994490369014
GHB,UGN,2066.7961667511404
GHB,NIP,722.4657390099887
GHB,38W,4516.406185949237
GHB,TML,2121.1144421276226
GHB,GUS,1836.320693127754
ZNZ,HEN,7486.232550030206
ZNZ,YSJ,8669.269316977097
ZNZ,UGN,12770.387701061545
ZNZ,GHB,12327.604495052054
HEN,YSJ,4315.92807118568
HEN,UGN,6722.74456436747
HEN,GHB,7838.600670983189
HEN,ZNZ,3.926528972490843
YSJ,UGN,1693.7112746185053
YSJ,GHB,2314.1442438062127
YSJ,HEN,5814.263870652943
YSJ,ZNZ,6.125598486803837
UGN,GHB,2086.8367703916447
UGN,YSJ,1325.0862975857044
UGN,HEN,7085.523360421027
UGN,ZNZ,7.059515545116759
MLG,XTG,2866.760959866012
MLG,BJV,3652.202915205742
MLG,GEU,13851.567181069147
XTG,BJV,5080.479271067199
XTG,GEU,12221.943796917774
XTG,REY,2004.6722435223312
XTG,MLG,0.28379075819437427
BJV,REY,1605.3245476808022
BJV,MLG,0.7255898431427014
BJV,GEU,10550.701713979168
BJV,XTG,10196.102975387492
REY,GEU,6772.733219963028
REY,BJV,4120.485025084105
REY,XTG,10326.624845360417
GEU,MLG,1.0482109228507217
GEU,REY,1005.0599044801796
GEU,BJV,4018.785412554881
GEU,XTG,9342.934059764399
BRW,GUL,9079.731179762253
BRW,PPW,7501.509335268909
BRW,HOV,590.8561364249639
GUL,SYO,64.5323913117712
GUL,BRW,11877.63538309448
SYO,PPW,12026.797277662166
SYO,HOV,929.3269388992626
SYO,GUL,5983.80764745943
PPW,HOV,66.905134693541
PPW,BRW,5073.37091546307
PPW,SYO,67.05653168855476
HOV,BRW,4853.716902510872
HOV,PPW,812.6511988014604
HOV,SYO,62.93675598329031
SWQ,KTR,1278.1902802925792
SWQ,MXY,10769.179774973853
SWQ,MJD,62.3521801311564
KTR,MXY,10574.553238862596
KTR,MJD,78.42660433349543
KTR,SWQ,0.1265325549772607
MXY,NXX,4764.2971303028535
MXY,SWQ,0.8149526853321275
MXY,KTR,8083.603988350591
NXX,MJD,109.08720909940634
NXX,MXY,4764.2971303028535
MJD,SWQ,0.47611257401010626
MJD,NXX,11007.332127354752
MJD,KTR,6049.432747323645
HAK,YCB,7211.248968545919
HAK,HER,8329.624261060566
HAK,CWL,13773.80914710088
HAK,SHM,22.627902268501725
HAK,CSF,9565.640489396541
HAK,YRA,7282.375828631158
HAK,NFO,4098.114545056029
HAK,YMG,9035.362743600963
YCB,HER,7714.671519626134
YCB,CWL,7299.631664171516
YCB,SHM,59.299762966729205
YCB,HAK,1500.9268026947925
YCB,REC,2957.7034583662703
YCB,KOZ,2435.815104928463
YCB,GUW,36.007912753846895
HER,CWL,4047.390681846778
HER,SHM,73.97036030898664
HER,YCB,5726.600669018479
HER,HAK,1286.9269483338574
CWL,SHM,76.13590711089988
CWL,HER,2885.0172370423966
CWL,YCB,3862.3683686039744
CWL,HAK,1516.896081849801
DKI,ALI,12732.094154177366
DKI,YHU,11324.324317174622
DKI,GNA,0.8618055048571082
DKI,BJF,1483.9956518090967
ALI,YHU,2176.8255741548705
ALI,GNA,0.5910522766677458
ALI,BJF,962.9425898461834
ALI,DKI,9732.913037547263
YHU,GNA,0.41022950830492255
YHU,BJF,663.6180847475672
YHU,DKI,11064.977000197701
YHU,ALI,2782.395399108367
GNA,BJF,220.6970138708277
GNA,DKI,9937.480646627355
GNA,YHU,4841.22995253965
GNA,ALI,8915.5866470963
BJF,DKI,9318.978755473054
BJF,GNA,0.1201891097183988
BJF,YHU,4264.967136866832
BJF,ALI,7910.3024177147945
BRS,KGE,1816.6323892406035
BRS,YNM,3760.158190020513
BRS,KDI,0.9137481775170219
KGE,VLS,14.075243959852449
KGE,YNM,9696.444945985244
KGE,KDI,0.2804765462682655
KGE,BRS,20753.69363897103
VLS,YNM,9754.970402891488
VLS,KDI,0.37223153356476135
VLS,KGE,191.45325191292434
YNM,KDI,1.0476335822184826
YNM,BRS,7106.460898261859
YNM,VLS,118.64188710400694
YNM,KGE,1604.1000126188712
KDI,BRS,17853.723095245543
KDI,YNM,10830.897048478826
KDI,VLS,46.80370870505105
KDI,KGE,479.70083400756283
FAV,SNY,7329.625449677407
FAV,KEK,8020.721644838998
SNY,SAW,3508.1948304217485
SNY,ZAR,52.04063204399771
SNY,FAV,64.7367846419653
SAW,ZAR,18.816975541127533
SAW,KEK,8396.628308774962
SAW,SNY,9210.224834267168
ZAR,KEK,11447.10501830261
ZAR,SAW,1419.7191984474928
ZAR,SNY,10308.173629090821
KEK,FAV,70.84069075015894
KEK,SAW,3198.2941302606146
KEK,ZAR,57.79050699585739
NTL,JHM,7684.533251378897
NTL,YWH,9141.216473189652
NTL,YPY,9995.261524099515
NTL,ZAH,0.40014524574156723
JHM,YWH,3154.4627575443587
JHM,YPY,4113.610485211232
JHM,ZAH,0.4444977460395557
JHM,NTL,5874.359156012979
YWH,YPY,1040.6846467276914
YWH,ZAH,0.3845144623859594
YWH,NTL,8931.866237376336
YWH,JHM,4032.000894999445
YPY,ZAH,0.3449354531192523
YPY,NTL,9766.35212640358
YPY,YWH,1040.6846467276914
YPY,JHM,5257.973364365374
ZAH,NTL,8561.219667739195
ZAH,YPY,7552.967163729232
ZAH,YWH,8419.619039206422
ZAH,JHM,12440.692077944852
ZAH,WVB,584.1163774064871
ZAH,DSN,707.4330390415447
ZAH,SLD,4117.162039556183
ZAH,ULX,520.0247636319347
PJA,EMD,10075.782665051602
PJA,QSF,35.57087555776574
PJA,SNN,2356.753168899997
HHH,SNN,6034.4284030428435
HHH,QSF,74.9013928672805
HHH,EMD,10990.19271652603
SNN,QSF,21.03572601253841
SNN,PJA,257.59312136076966
SNN,HHH,5725.46566880705
CSF,YRA,4731.629675676966
CSF,YMG,4475.828650514547
CSF,HAK,1477.8914556117657
YRA,NFO,4623.490176535412
YRA,YMG,1858.3932837007767
YRA,HAK,1515.7309248599136
YRA,CSF,6374.282198136826
NFO,YMG,8382.490342385754
NFO,HAK,1388.5059149367464
NFO,YRA,7526.352539566306
YMG,HAK,1880.5921377965094
YMG,NFO,5149.421522467876
YMG,YRA,1858.3932837007767
YMG,CSF,6029.676209773067
KIR,CMR,1281.7234415449605
KIR,MTN,4918.908974249301
KIR,NON,10349.976227772135
KIR,DLE,1216.3753369619492
CMR,MTN,6134.268453551899
CMR,NON,10580.600951674629
CMR,DLE,187.54676162413392
CMR,KIR,1281.7234415449605
CMR,BHD,1636.1223114679283
CMR,GKE,330.929078058197
CMR,IXL,88.65620135751224
CMR,QOT,69.58839702310611
MTN,NON,8480.81711485656
MTN,DLE,6383.952733590775
MTN,KIR,5184.3475698243055
MTN,CMR,6465.291371787415
NON,DLE,14742.741196242052
NON,KIR,14269.924483347768
NON,MTN,11094.166935855375
NON,CMR,14587.895976388569
DLE,KIR,1216.3753369619492
DLE,NON,10692.91018963436
DLE,MTN,6057.094353630927
DLE,CMR,187.54676162413392
HDB,LDN,65.81693537188812
HDB,JZH,1179.4954993509944
HDB,SKX,38.7173719571452
HDB,PZI,1238.7451142897269
LDN,JZH,270.2686488090269
LDN,SKX,68.46982714170782
LDN,PZI,231.97637241434109
LDN,HDB,6906.289126116277
JZH,SKX,77.62902749345822
JZH,PZI,112.09917933762483
JZH,HDB,7634.275076705465
JZH,LDN,16.6709399556636
SKX,PZI,848.6932247039467
SKX,HDB,2540.5099709412857
SKX,JZH,786.9871881718698
SKX,LDN,42.81610581761651
LML,O03,11040.492350219323
LML,CID,9795.54387875959
LML,ZMU,13201.170946072712
LML,SBA,7566.122472144125
O03,CID,1272.0898883760574
O03,ZMU,6648.051743425931
O03,SBA,3701.5487543487116
O03,LML,11040.492350219323
CID,ZMU,7501.786493649794
CID,SBA,2449.6488178248605
CID,LML,9795.54387875959
CID,O03,1272.0898883760574
ZMU,SBA,9149.870783055061
ZMU,LML,12525.270993633789
ZMU,CID,7117.695025174924
ZMU,O03,6307.671494162523
SBA,LML,7566.122472144125
SBA,ZMU,9643.624349762922
SBA,CID,2449.6488178248605
SBA,O03,3701.5487543487116
KUC,FDH,14465.547671370909
KUC,PYR,14901.615675708545
KUC,MHK,9473.272872520598
KUC,HPB,6671.829743066998
FDH,PYR,1445.697331275535
FDH,MHK,7519.099500934005
FDH,HPB,7464.130477394565
FDH,KUC,10491.86172604532
PYR,MHK,8883.344561977854
PYR,HPB,8479.327106391585
PYR,KUC,10808.141849591406
PYR,FDH,1445.697331275535
MHK,HPB,4937.774549947114
MHK,KUC,7241.742005100326
MHK,PYR,9362.715600735513
MHK,FDH,7924.851919196885
HPB,KUC,5100.208803379525
HPB,MHK,4937.774549947114
HPB,PYR,8936.896191390795
HPB,FDH,7866.9166077092805
IOM,QFZ,6028.798545001506
IOM,XWW,1594.3801473933572
IOM,BRO,7474.776166087745
QFZ,WSZ,10691.480227678372
QFZ,IOM,8457.801478782612
QFZ,XWW,5585.7175281111195
WSZ,BRO,11352.797578027425
WSZ,QFZ,15297.582240203708
BRO,XWW,9471.26684339449
BRO,IOM,11052.238072728182
BRO,WSZ,8362.637254725303
XWW,IOM,2236.755908778141
XWW,QFZ,5585.7175281111195
XWW,BRO,8986.337981012692
AKR,KYA,1583.3900921401478
AKR,LPY,4209.564098565468
AKR,SCV,1111.5952518201168
AKR,XDB,4820.948329570377
KYA,LPY,2508.4018540253196
KYA,SCV,269.24622282557397
KYA,XDB,2705.5660514395813
KYA,AKR,20.986271558802734
LPY,SCV,395.60086057306006
LPY,XDB,611.7132373719184
LPY,AKR,20.163812032128593
LPY,KYA,906.5364300447505
SCV,XDB,1715.4750740438128
SCV,AKR,23.559917062913097
SCV,LPY,1750.4462857215046
SCV,KYA,430.55568552726737
XDB,AKR,23.092342498642104
XDB,SCV,387.69736673390173
XDB,LPY,611.7132373719184
XDB,KYA,977.7915709902646
ADF,TED,410.02116426076014
ADF,KYD,237.80544949822473
ADF,WDH,538.2561853147857
ADF,SFD,1636.3061592540016
ADF,LOK,40.562447692594816
ADF,GDA,5.497204846450601
ADF,XGB,3139.158495006094
ADF,KUT,261.7821334982029
TED,KYD,276.72449008114233
TED,SFD,1273.1381840101146
TED,WDH,678.5659520993757
TED,ADF,1105.8331997301395
TED,TSS,5603.110663059364
TED,BBM,2.163105459262502
TED,OMO,849.9294504258082
TED,QPZ,1353.4948523586538
KYD,WDH,939.2571541107391
KYD,ADF,2871.4630621001807
KYD,TED,1238.9268850943224
WDH,SFD,1482.4489204877216
WDH,KYD,368.0540275272902
WDH,ADF,2546.8157288919037
WDH,TED,1190.466582630484
SFD,ADF,3918.8936113611408
SFD,WDH,750.3608253601865
SFD,TED,1130.5534569738593
SGD,TSU,10081.807830254666
SGD,BMK,251.38616146862367
SGD,XIL,1083.7075974541342
SGD,SUG,228.59907201051928
SGD,RCS,1034.3188880528203
SGD,ISB,50.27299414872172
SGD,PKN,0.7905235198051112
SGD,PDV,923.5597906066804
TSU,BMK,14103.378103964362
TSU,XIL,1187.53561818059
TSU,SUG,119.73278371861815
TSU,SGD,1862.625464296326
BMK,XIL,1122.4905749057718
BMK,SUG,233.90554277347493
BMK,SGD,33.68574563679557
BMK,TSU,10229.18013880535
XIL,SUG,83.58470601437058
XIL,SGD,939.9146799925824
XIL,BMK,7265.311164438653
XIL,TSU,5574.88403797011
SUG,SGD,1432.0839480789896
SUG,XIL,603.7324487714004
SUG,BMK,10935.275491981063
SUG,TSU,4059.943339463008
SEM,PGU,0.41105277576560706
SEM,VST,836.8736489170299
SEM,CVM,93.03397532396659
SEM,OBX,5266.455813672252
PGU,VST,492.8964187493
PGU,CVM,833.155215545708
PGU,OBX,3768.795087770518
PGU,SEM,11504.627541191976
VST,CVM,556.7674250037181
VST,OBX,4639.568886181828
VST,SEM,7264.645179254145
VST,PGU,0.15287455256725774
CVM,OBX,4912.106976634641
CVM,SEM,1438.1009414692
CVM,VST,991.4415046090973
CVM,PGU,0.4601492637178152
OBX,SEM,13596.770819080904
OBX,CVM,820.4221121791409
OBX,VST,1379.877222475303
OBX,PGU,0.34765211830046405
SMO,CDS,1582.9294428495816
SMO,RTW,158.5550509990823
SMO,YPQ,2671.793705341941
SMO,MXX,943.0385179044198
CDS,RTW,151.27726262786683
CDS,YPQ,1609.0413249884455
CDS,MXX,862.2828245438935
CDS,SMO,1582.9294428495816
RTW,YPQ,6028.208902909881
RTW,MXX,239.98122425080646
RTW,SMO,9871.196350913995
RTW,CDS,9418.101494837274
YPQ,MXX,652.3241884647955
YPQ,SMO,3415.0584233173026
YPQ,RTW,123.76384707038474
YPQ,CDS,2056.6595839270335
MXX,SMO,8186.230062101679
MXX,YPQ,4430.194374175825
MXX,RTW,33.46124297879497
MXX,CDS,7485.2144915576055
LSY,BYO,3987.372075113756
LSY,BLR,141.14766714648007
LSY,LXG,0.9329258906004759
LSY,AHE,53.52519538187841
LSY,JHS,2064.1807960656306
LSY,LNV,1054.036287894908
LSY,BEH,13783.367948174102
LSY,LIO,24.84879988433716
BYO,BLR,227.70355170010234
BYO,AHE,78.87072077964032
BYO,LSY,9863.714072578468
BLR,LXG,0.31781878901365795
BLR,AHE,127.9941263586768
BLR,LSY,6775.27484985718
BLR,BYO,4418.443504862344
LXG,AHE,107.76553305566297
LXG,LSY,5690.926395731918
LXG,BLR,40.38891423041524
AHE,LSY,4632.675920104583
AHE,LXG,1.5290360239043348
AHE,BLR,230.78654526009623
AHE,BYO,2759.5340492351484
DVO,MUB,1095.9400533365995
DVO,LEQ,16998.447452664997
DVO,PFQ,0.28666492205216076
MUB,PBM,2646.145278370435
MUB,LEQ,11645.367420454519
MUB,PFQ,0.2405075779429347
MUB,DVO,247.04560797628687
PBM,LEQ,9488.84858661142
PBM,PFQ,0.3636832159463613
PBM,MUB,857.2643409510774
LEQ,PFQ,0.14510753806051777
LEQ,DVO,259.1751308093979
LEQ,PBM,1981.0989742807649
LEQ,MUB,787.6747555256464
PFQ,DVO,180.8779552417616
PFQ,LEQ,6005.055019029511
PFQ,PBM,3142.26589825042
PFQ,MUB,673.208379675666
TTR,KSA,4629.292304112833
TTR,RKE,1531.6823475985052
TTR,NCS,750.4100229132539
TTR,LKG,100.3168738960591
TTR,MKU,18.13738012551482
TTR,EYK,131.8263774983585
KSA,RKE,1705.7023908775298
KSA,NCS,1104.9344319669913
KSA,TTR,0.35031954830870726
RKE,BEL,2447.837848387073
RKE,TTR,0.8207074071460646
RKE,KSA,12077.39125719851
RKE,DLH,6287.142142198652
RKE,DRK,17.21370144678845
RKE,KYS,7.61360146373483
RKE,LSA,5023.248855263911
BEL,NCS,672.2073155355582
BEL,RKE,1118.7253468071888
NCS,TTR,0.7054129306778166
NCS,BEL,2580.4030494242697
NCS,KSA,13725.606036269723
NCS,AJU,2109.056873585065
NCS,LRH,8802.481948158702
CEF,MLS,2537.563512447952
CEF,PSC,3496.629924116585
CEF,OKN,14.851379691768864
CEF,TLU,1.3203205267480083
CEF,TPL,2392.7126248893383
CEF,TRC,206.73587110692011
CEF,RES,850.3885422822242
MLS,PSC,962.7562883798918
MLS,ZRJ,943.18591508772
MLS,CEF,2537.563512447952
PSC,ZRJ,1574.190304329777
PSC,MLS,962.7562883798918
PSC,CEF,3496.629924116585
ZRJ,OKN,16.86165953538262
ZRJ,MLS,1205.5702495422722
ZRJ,PSC,2012.1133783485016
OKN,CEF,9246.055808103869
OKN,ZRJ,8212.867370810052
MPY,ZPB,4875.717836157834
MPY,GSQ,1137.6445423248206
MPY,EVE,1022.5493210384242
MPY,CXL,6770.764780108757
ZPB,GSQ,1225.5577783028468
ZPB,CXL,2839.6806935751824
ZPB,EVE,603.8817366409406
ZPB,MPY,6568.39261236405
GSQ,EVE,597.2266640596108
GSQ,MPY,9108.443093073023
GSQ,ZPB,7283.6792540768865
EVE,CXL,7685.530823812828
EVE,GSQ,645.8321241648952
EVE,MPY,8853.24087479155
EVE,ZPB,3881.0511957451968
CXL,MPY,7136.1348862866325
CXL,EVE,935.5805334637245
CXL,ZPB,2221.6431058609382
BQT,OSH,7126.481658502599
BQT,PTG,646.8752293123486
BQT,ZAT,1081.4570794361719
OSH,LES,7122.420149386722
OSH,BQT,0.47244487386152345
LES,PTG,625.6125495851032
LES,ZAT,1239.0925581420724
LES,OSH,6757.752237738122
PTG,ZAT,1512.7137012129085
PTG,BQT,0.5327108133509653
PTG,LES,8190.790122873832
ZAT,BQT,0.44028252619116637
ZAT,PTG,747.8386569491388
ZAT,LES,8020.016557553867
YPM,MVV,6786.539061108807
YPM,PNB,2406.166321071401
YPM,FOA,7462.127839399634
MVV,MSU,659.3689543925008
MVV,PNB,2445.112915534994
MVV,FOA,2371.134705992736
MVV,YPM,5037.647945061067
MSU,PNB,2366.743090854465
MSU,FOA,14480.841355771581
MSU,MVV,8632.743576754398
PNB,FOA,12452.83594310978
PNB,YPM,6091.73690358561
PNB,MSU,616.5478761236835
PNB,MVV,8339.402849710075
FOA,YPM,3948.348061291858
FOA,PNB,2602.588565485628
FOA,MSU,788.4002158057118
FOA,MVV,1690.166587777273
BCO,NGX,53.289303284315295
BCO,AMM,3877.975016154702
BCO,QSA,5234.817855111765
NGX,AMM,6170.497162355453
NGX,QSA,7313.937764684541
NGX,BCO,262.5322968728859
AMM,COF,10020.719128966233
AMM,BCO,135.4492835950478
AMM,NGX,43.747089686986655
AMM,ABE,8848.828926360387
AMM,RMS,3071.130610526243
AMM,BLD,11314.43907047309
COF,QSA,7404.88364108977
COF,AMM,14196.722863782054
QSA,BCO,245.77469829749737
QSA,COF,7025.753598665974
QSA,NGX,69.70182689744368
MGQ,ZAG,738.0929203064255
MGQ,JDO,2767.13837517723
MGQ,KSK,754.7834999539095
MGQ,YSY,8727.927832847863
MGQ,JRO,0.5753224490919348
MGQ,DIW,28.7795716029714
ZAG,JDO,2357.701530550294
ZAG,LRV,1282.4818851987343
ZAG,KSK,165.72117481683512
ZAG,MGQ,7.8542101595966205
JDO,LRV,558.988579058731
JDO,KSK,960.0870761072557
JDO,MGQ,13.15617631308683
JDO,ZAG,1053.406891207669
LRV,KSK,914.468638246399
LRV,JDO,1086.1196247847577
LRV,ZAG,1113.3540554077813
KSK,MGQ,9.626424509933669
KSK,JDO,2575.457737553956
KSK,LRV,1262.5189159321283
KSK,ZAG,198.6228170265819
ENH,GWD,43.63969223608738
ENH,YHN,8210.888081121302
ENH,LSZ,1059.928951456704
ENH,FNC,11011.442927581646
GWD,YHN,8253.778442116438
GWD,LSZ,627.9496531290166
GWD,FNC,7564.131519529492
GWD,ENH,717.0405668909391
YHN,LSZ,915.884996010728
YHN,FNC,5787.105423519976
YHN,ENH,1708.9885605998131
YHN,GWD,104.55379050413697
LSZ,FNC,2968.119872744166
LSZ,ENH,1250.0688778630592
LSZ,YHN,5189.781927776819
LSZ,GWD,45.073363270016365
FNC,ENH,1701.2679323113641
FNC,LSZ,388.8237033294858
FNC,YHN,4295.7683558788785
FNC,GWD,71.12552867813581
AQJ,MYJ,69.33409346601044
AQJ,RRS,466.9982409763846
AQJ,TEQ,517.8667251279736
AQJ,YQG,7283.621460040366
MYJ,RRS,935.4710266502937
MYJ,TEQ,3137.529032900848
MYJ,YQG,8021.085174487978
MYJ,AQJ,11914.969117490571
RRS,TEQ,948.2599852302667
RRS,YQG,4551.234111638142
RRS,AQJ,5434.970004506114
RRS,MYJ,63.35285169228221
TEQ,YQG,6262.954218127079
TEQ,AQJ,1926.1661646846212
TEQ,RRS,303.05486522992754
TEQ,MYJ,67.9074490740189
YQG,AQJ,13189.605235869945
YQG,TEQ,3049.214137722116
YQG,RRS,708.160501002567
YQG,MYJ,84.52233360480258
2B2,MMH,3852.94729946081
2B2,ROA,935.6637794728772
2B2,ZAL,13.608713337968336
2B2,CIJ,843.3817509290903
MMH,ROA,3230.3070999563574
MMH,ZAL,14.510954173285477
MMH,CIJ,1057.2566633401977
MMH,2B2,3852.94729946081
ROA,ZAL,12.744844909837141
ROA,CIJ,774.8912720384335
ROA,2B2,935.6637794728772
ROA,MMH,3230.3070999563574
ZAL,CIJ,451.8924037238548
ZAL,2B2,8700.773055973286
ZAL,ROA,8148.456098688328
ZAL,MMH,9277.623530736697
CIJ,2B2,5683.242935238074
CIJ,ZAL,4.762843232430401
CIJ,ROA,5221.710503622626
CIJ,MMH,7124.468197281104
BUU,IAS,1854.738613669129
BUU,SST,1013.2814450591351
BUU,HUL,1583.0303218304202
BUU,GOB,597.6364910727528
BUU,ZXB,601.9046593371237
BUU,HRT,1300.9080094917872
BUU,MMB,70.91462629993708
IAS,HUL,6439.32988269096
IAS,DUE,54.61177006496755
IAS,BUU,7786.619454200308
HUL,DUE,93.85283135281082
HUL,BUU,1583.0303218304202
HUL,SST,1000.8427067237129
HUL,IAS,1533.8201449074168
DUE,SST,908.7943614131318
DUE,HUL,9956.123254421613
DUE,IAS,1379.9485727507454
SST,BUU,8893.630296689244
SST,HUL,8784.454765397399
SST,DUE,75.19201450951944
TYE,NYT,8.6570965062323
TYE,CWI,4281.2128489812885
NYT,JIB,30.54660028722112
NYT,TYE,8804.644833436816
JIB,VDS,759.269038631291
JIB,NYT,5.337502043069598
VDS,CWI,6335.123605452974
VDS,JIB,35.0972934827053
CWI,TYE,4281.2128489812885
CWI,VDS,771.1917964057952
CWI,UAK,491.51779910635514
CWI,C89,206.65473929836895
CWI,GME,0.5101061772594918
CWI,STR,7250.624868617466
STK,OTU,1.697556975699175
STK,BIX,1631.8441952541186
STK,KXK,126.85391888188991
STK,PAH,1246.8443575671877
OTU,BIX,2841.0689484013756
OTU,PAH,3445.8851561923607
OTU,STK,4448.058709039981
BIX,KXK,151.80555712831347
BIX,PAH,701.6976398731222
BIX,STK,1631.8441952541186
BIX,OTU,1.0842654576477004
KXK,PAH,8833.310136835762
KXK,STK,7897.572062673041
KXK,BIX,9450.991640639357
PAH,STK,1246.8443575671877
PAH,KXK,141.88411307480715
PAH,BIX,701.6976398731222
PAH,OTU,1.315087494790529
UVF,BCW,314.85991566552207
UVF,GLQ,9403.227129328563
BCW,RAZ,69.63596207375757
BCW,UVF,3959.5849743473204
RAZ,YJS,33.698074579129006
RAZ,BCW,207.87849148254546
YJS,GLQ,11597.785030137407
YJS,RAZ,45.07938473005406
GLQ,UVF,2366.055439912312
GLQ,YJS,58.108796761590874
GLQ,MQT,5256.304329461787
GLQ,TNJ,0.7954538655633586
GLQ,QPJ,6.2429856322975
GLQ,YSF,4059.3482609882462
UTC,ZAJ,83.88942895252079
UTC,THF,553.7154873839428
UTC,WFB,7045.360343150098
UTC,HMN,8028.93159880501
ZAJ,THF,4561.68563817719
ZAJ,WFB,9802.142734599083
ZAJ,UTC,5102.763318279854
THF,WFB,7214.564257067592
THF,HMN,8412.438818082872
THF,UTC,553.7154873839428
THF,ZAJ,74.99411189163301
WFB,HMN,3027.2920331087644
WFB,UTC,7425.548422375736
WFB,THF,7603.8830702651685
WFB,ZAJ,169.8431983102961
HMN,UTC,8462.19603584002
HMN,WFB,3027.2920331087644
HMN,THF,8866.398417035067
CPX,CGN,7214.926782564214
CPX,SLA,518.8993278951164
CPX,RIC,2309.1698738158293
CPX,PUB,4161.934829334487
CGN,SLA,1189.0440869884212
CGN,RIC,6185.5211721499145
CGN,PUB,7666.319095840818
CGN,CPX,6845.522531296926
SLA,RIC,6683.129946905029
SLA,PUB,7698.048062095548
SLA,CPX,4554.409642061853
SLA,CGN,10999.482765850335
RIC,PUB,2255.9183067780773
RIC,CPX,2309.1698738158293
RIC,SLA,761.431647618501
RIC,CGN,6519.309835739792
PUB,CPX,4161.934829334487
PUB,RIC,2255.9183067780773
PUB,SLA,877.0647085924628
PUB,CGN,8080.0159104561735
QPP,BSC,3.4443428170668273
QPP,YGW,4110.463621155084
QPP,KTG,0.7620584036103522
BSC,YGW,4051.0531044041486
BSC,CYF,8764.662379696689
BSC,QPP,9512.131502531973
YGW,CYF,4547.5374344640095
YGW,BSC,1.9761367763771283
YGW,QPP,5537.469515229805
CYF,KTG,0.7142575989396195
CYF,BSC,3.344945454983317
CYF,YGW,3557.796203206823
KTG,QPP,10613.626791230532
KTG,CYF,9438.546098522436
YLD,PUK,76.10750700238876
YLD,MHG,6304.223682457177
YLD,MVT,79.57063591126874
PUK,MVT,10.92840355726081
PUK,YLD,6741.599337455033
PUK,PGA,6359.509659274616
MVT,PGA,6600.895639894166
MVT,YLD,7048.363130899139
MVT,PUK,10.92840355726081
PGA,MHG,8742.79330338918
PGA,PUK,56.16851912386307
PGA,MVT,58.30049058000961
MHG,YLD,4679.625239487962
MHG,PGA,8295.162286255654
UIN,ILI,4587.040724953742
UIN,RGS,6986.975223861256
UIN,RAP,1024.633048972266
ILI,UBP,262.8912965735534
ILI,RAP,3638.7819089071645
ILI,UIN,4587.040724953742
UBP,RGS,10319.056666006056
UBP,ILI,8639.808181121838
RGS,RAP,7130.229287737659
RGS,UBP,297.91116594759484
RGS,UIN,6629.24209239956
RAP,UIN,1024.633048972266
RAP,ILI,3638.7819089071645
RAP,RGS,7514.997141376117
MQT,WJA,9779.348703661582
MQT,BDR,1214.9475263175068
MQT,PJM,7.598073179555761
MQT,ZBP,1115.4352170267487
MQT,NGU,1321.585824180248
MQT,ASH,1249.1579767859089
MQT,QPJ,24.441258114518746
MQT,GLQ,7771.995514125149
MQT,YSF,1397.6863798603322
WJA,GNI,167.04923813081234
WJA,MQT,9779.348703661582
GNI,HOM,7291.179068378114
GNI,WJA,5295.566894036576
HOM,BDR,5259.184554351592
HOM,GNI,230.00104291374046
BDR,MQT,1214.9475263175068
BDR,HOM,5259.184554351592
BIL,LUR,3853.9481434845425
BIL,AJU,2782.9691024656436
BIL,OZC,258.331114797561
BIL,VAK,3777.0016836183245
BIL,WUX,1561.5393136206328
BIL,LPD,2.3479876339775876
LUR,LRH,7161.015837630032
LUR,BIL,3853.9481434845425
LRH,NCS,672.3335712003616
LRH,LUR,6794.371826743374
AJU,BIL,9005.73357578241
AJU,NCS,549.4193860996836
AXJ,ESH,13407.115055784434
AXJ,BMG,10619.828376954649
AXJ,JAC,9051.593815828175
AXJ,SDV,2029.6457963290527
AXJ,YOC,4972.03451812272
ESH,BMG,6183.104560231291
ESH,JAC,7171.187581287943
ESH,SDE,1162.11579345627
ESH,AXJ,74.75262240098783
ESH,KOI,1288.1891682244216
ESH,GER,325.6706015642623
ESH,QXB,920.0531875873673
ESH,IAG,5448.202089838627
BMG,SDE,842.3089445381396
BMG,AXJ,87.55090384120918
BMG,JAC,1959.129561298273
BMG,ESH,9142.366555173354
SDE,JAC,8766.091379380117
SDE,BMG,7392.994695446686
SDE,ESH,15081.704409248856
JAC,AXJ,74.62222473377739
JAC,SDE,998.7505039112466
JAC,BMG,1959.129561298273
JAC,ESH,10603.35060896802
DSN,ULX,828.6864053459875
DSN,ZAH,0.1552231716731933
DSN,SLD,6868.76516062766
ULX,ZAH,0.23080439234253192
ULX,SLD,8254.172068210037
ULX,WVB,130.57472022650964
ULX,DSN,1676.2509770352854
WVB,SLD,7976.053377775708
WVB,ZAH,0.2592503953139554
WVB,ULX,130.57472022650964
SLD,DSN,1061.2242173169734
SLD,WVB,609.2109569945085
SLD,ZAH,0.1395717931409546
SLD,ULX,630.4536625698826
MME,PKV,28.451867742404183
MME,MUX,58.668840693048175
MME,VVO,126.10769578375363
MME,RMG,6247.56574930518
PKV,MUX,42.156136700204215
PKV,RMG,7643.842934795963
PKV,VVO,102.88201817762011
PKV,MME,2619.1027070747264
MUX,VVO,83.47017306987728
MUX,MME,8753.218824659927
MUX,PKV,68.32495196332152
VVO,RMG,10036.592659786838
VVO,MUX,51.500658620476116
VVO,MME,11608.693334319421
VVO,PKV,102.88201817762011
RMG,MME,9237.67916283752
RMG,VVO,161.21171177819502
RMG,PKV,122.7784215074731
AWZ,KSH,0.012425290878321534
AWZ,YQL,8038.4194288212
AWZ,KKH,8973.31454314019
AWZ,PHO,8110.762332785118
KSH,YQL,7772.035119105569
KSH,KKH,8703.382855811295
KSH,PHO,7831.827281874883
KSH,AWZ,0.012425290878321534
YQL,KKH,3145.8031842329424
YQL,PHO,3369.7726227323906
YQL,AWZ,0.3671055080655243
YQL,KSH,0.35494003844493976
KKH,PHO,902.6554371581249
KKH,AWZ,0.3206106271210502
KKH,YQL,2461.140075522885
KKH,KSH,0.31096614545953083
PHO,AWZ,0.28979220392223387
PHO,KKH,902.6554371581249
PHO,YQL,2636.3640576035555
PHO,KSH,0.279826038001221
DZN,UKA,67.28890624200373
DZN,CUR,6450.093651136896
DZN,YXY,5779.561602107157
DZN,POC,10344.520077800085
UKA,CUR,6461.427291750217
UKA,YXY,10188.796176547425
UKA,DZN,33.15787301877615
CUR,YXY,5596.285613227377
CUR,POC,5207.578257571022
CUR,DZN,62.66185522273116
CUR,UKA,127.3862330450099
YXY,POC,3045.8548379294193
YXY,DZN,40.323790296797746
YXY,CUR,4019.102600581322
YXY,UKA,144.2600671096773
POC,DZN,56.4652924567102
POC,YXY,2382.944821031838
POC,CUR,2925.969613312723
CZG,ERI,322.55860377503643
CZG,MLD,2814.14637855735
CZG,CZN,4519.6799749382535
CZG,CEK,129.11023121834228
ERI,MLD,2497.736378722392
ERI,CZN,4313.491152235742
ERI,CEK,131.01791250703022
ERI,CZG,322.55860377503643
MLD,CZN,2801.673759168977
MLD,CEK,139.60405986365512
MLD,CZG,2814.14637855735
MLD,ERI,2497.736378722392
CZN,CEK,103.67733226525465
CZN,CZG,4519.6799749382535
CZN,MLD,2801.673759168977
CZN,ERI,4313.491152235742
CEK,CZG,8038.043791336164
CEK,CZN,6454.662260713491
CEK,MLD,8691.360367364565
CEK,ERI,8156.810720910123
AAE,NEC,1167.6836749436152
AAE,JOT,7431.64814088448
AAE,LWN,6.205996526345024
AAE,VEE,7840.782967101714
NEC,JOT,8899.631322979782
NEC,LWN,26.969586859345146
NEC,VEE,13086.473397120968
NEC,AAE,105.7396437929977
JOT,LWN,19.157195801391037
JOT,VEE,4235.987764264194
JOT,AAE,76.67411851930669
JOT,NEC,1013.9651623251627
LWN,VEE,7591.69760243017
LWN,AAE,30.666582532252125
LWN,JOT,9175.339412599606
LWN,NEC,1471.6871981298389
LWN,CMF,3096.467746181045
LWN,BOO,398.5823418110468
LWN,CWC,72.20568384232196
LWN,CDR,9627.072813018489
VEE,AAE,80.89526187284854
VEE,LWN,15.85070926477041
VEE,JOT,4235.987764264194
VEE,NEC,1490.9862713203802
YBZ,ULV,122.68817015996976
YBZ,SPZ,3150.1529478387592
YBZ,KHW,1186.6571114646429
YBZ,FDF,3672.05889419213
ULV,SPZ,9042.782937514326
ULV,KHW,805.6055299717962
ULV,FDF,9890.579207572922
ULV,YBZ,5975.815532135535
SPZ,FDF,6271.14434591409
SPZ,YBZ,2464.543142053869
SPZ,ULV,145.24874785805054
SPZ,SXR,177.20786116664902
SPZ,SNV,1053.4455740578328
SPZ,BLE,893.6971982434162
SPZ,HGU,4032.2835258858195
FDF,KHW,949.3931553590262
FDF,SPZ,5950.061755403289
FDF,YBZ,2725.769317158818
FDF,ULV,150.73242712341133
KHW,YBZ,9282.912570768305
KHW,FDF,10005.197126768113
KHW,ULV,129.3859023792831
KHW,HRE,1.9875692956744173
KHW,NAW,259.62330221156117
KHW,BHB,11053.805212072237
YXC,BBM,2.88190118071055
YXC,QUA,7429.813943613267
YXC,LBL,1740.5777178365013
YXC,YYZ,2084.6312098386493
BBM,QUA,8953.771178129728
BBM,LBL,13181.15771895916
BBM,YYZ,10166.230514399973
BBM,YXC,8958.271551262318
BBM,QPZ,9254.949486000456
BBM,OMO,4420.266937379983
BBM,TED,1213.8028959010692
QUA,LBL,7554.906620495581
QUA,YYZ,4640.351590638191
QUA,YXC,5515.150890344128
QUA,BBM,2.1381605573373785
LBL,YYZ,1443.6712627318898
LBL,YXC,1361.7525716168159
LBL,QUA,7962.5912947887655
LBL,BBM,3.31751735169419
YYZ,YXC,2084.6312098386493
YYZ,LBL,1845.2853214064623
YYZ,QUA,6251.315627964692
YYZ,BBM,3.2705049802488393
MCM,TLH,7458.625717965096
MCM,MYG,7245.797971361465
MCM,GSS,612.5901917054133
MCM,TTJ,75.79103878989898
TLH,MYG,1376.8032049825288
TLH,GSS,1049.9245007227246
TLH,TTJ,91.13786179071302
TLH,MCM,7861.11479549441
MYG,GSS,948.7515649342954
MYG,TTJ,101.43716928723738
MYG,MCM,7563.46343565915
MYG,TLH,1363.581295289586
GSS,TTJ,99.19841915404689
GSS,MCM,8020.295780379856
GSS,MYG,11899.764325832091
GSS,TLH,13042.26716791989
TTJ,MCM,9689.470568895293
TTJ,GSS,968.6493550225135
TTJ,MYG,12423.524440957992
TTJ,TLH,11054.92243250173
KCT,KPC,9898.259446650496
KCT,HVG,941.7553164330903
KCT,CTL,5769.612424268675
KCT,HGR,13716.369106029584
CTL,HVG,1600.6924043246302
CTL,KCT,57.990451637830745
CTL,KPC,10391.43611522435
HVG,HGR,6008.988091793057
HVG,CTL,10051.793946810858
HVG,KCT,59.44066023201064
HVG,KPC,4587.1853482530005
HGR,KCT,105.38820698034957
HGR,HVG,731.4904348673041
HGR,KPC,5717.143144129204
BMW,HHI,13976.474523548102
BMW,GYL,10515.030399764413
BMW,HYS,8888.54531890922
BMW,SEY,4.859423613037992
BMW,YPE,7158.986876931132
BMW,IGB,1086.7097537098982
HHI,PNP,2481.5801462368318
HHI,UIT,3685.0989754407597
HHI,BMW,144.1986816094144
PNP,UIT,2727.936340227708
PNP,GYL,1683.4461781482776
PNP,HHI,6406.865966665322
UIT,GYL,3753.969658337719
UIT,PNP,1056.6153088466301
UIT,HHI,3685.0989754407597
GYL,BMW,141.91594179414568
GYL,PNP,852.9801054315346
GYL,UIT,4910.749223536231
HVN,CBT,94.99159813826716
HVN,JON,8850.111477800261
HVN,JRH,186.42223455556535
HVN,BDB,11234.181391651367
CBT,JRH,146.9869744614194
CBT,BDB,10092.965700133194
CBT,HVN,10076.926242574673
JRH,JON,9278.974797405377
JRH,BDB,6147.355411397977
JRH,HVN,11705.983861437484
JRH,CBT,87.00539375135243
JON,BDB,4501.257506931005
JON,HVN,8850.111477800261
JON,JRH,147.77119433894947
BDB,HVN,14695.97587811777
BDB,JON,5888.312591446488
BDB,JRH,128.06637290255543
BDB,CBT,124.46089235073943
ZRP,MUW,62.11767619688427
ZRP,KEL,6110.720015200428
ZRP,GIC,10885.939598246088
MUW,MJK,9916.663284315186
MUW,KEL,2267.836035368368
MUW,GIC,11030.616384007513
MUW,ZRP,6020.763221534762
MJK,KEL,13173.278022315584
MJK,GIC,2569.257665864334
MJK,MUW,133.84008946665017
KEL,GIC,9761.803569732027
KEL,ZRP,5797.851150422166
KEL,MJK,9554.578549585493
KEL,MUW,22.199846950220955
GIC,ZRP,14240.423949835778
GIC,KEL,13458.987411735872
GIC,MJK,2569.257665864334
GIC,MUW,148.8745398911479
FDW,HID,10799.490345356311
FDW,VTS,7543.9662222184925
FDW,WKJ,79.44027893233628
FDW,IWD,1475.9095315945326
HID,VTS,12809.523349697152
HID,WKJ,48.70024368068949
HID,IWD,12984.824043380471
HID,FDW,14127.335502101294
VTS,WKJ,57.29268988571127
VTS,IWD,6509.958099890592
VTS,FDW,7157.715151640906
VTS,HID,9290.747285535344
WKJ,IWD,8161.073382443911
WKJ,FDW,9636.01849284079
WKJ,VTS,7324.557643276818
WKJ,HID,4515.761536896457
IWD,FDW,1475.9095315945326
IWD,WKJ,67.28068718115121
IWD,VTS,6861.25432113258
IWD,HID,9926.109695050438
ZBP,ASH,546.7061133988184
ZBP,NGU,251.45636129237633
ZBP,MQT,1115.4352170267487
ZBP,PJM,6.271542906516535
ASH,NGU,727.4766087189339
ASH,MQT,1249.1579767859089
ASH,PJM,7.156692758365375
ASH,ZBP,546.7061133988184
NGU,MQT,1321.585824180248
NGU,PJM,5.8227878907470325
NGU,ZBP,251.45636129237633
NGU,ASH,727.4766087189339
PJM,ZBP,3307.637526238404
PJM,MQT,4007.2550487840504
PJM,NGU,3070.962285014333
PJM,ASH,3774.469199075636
SOB,IQQ,17.000953453228234
SOB,TRK,0.7558549511841157
SOB,UVA,8985.684253677986
SOB,ENF,2436.2094285926314
IQQ,UVA,6049.295137217801
IQQ,ENF,12270.542490740492
IQQ,SOB,37.633512192624494
UVA,TRK,1.0511130547311223
UVA,ENF,8215.364270186581
UVA,SOB,31.11084820123544
UVA,IQQ,9.461587250876072
TRK,ENF,9833.230739423638
TRK,SOB,34.58194310083315
TRK,UVA,13889.91735834107
ENF,SOB,8.002947972926794
ENF,TRK,0.7060259670906172
ENF,UVA,7794.737619553028
ENF,IQQ,18.20948505625889
JYL,EYK,136.32376448560933
JYL,LKG,127.54617057430877
JYL,MKU,15.838618264295029
EYK,TTR,0.6210717785027652
EYK,LKG,74.72533150491034
EYK,MKU,12.587595152313737
EYK,JYL,8487.138303408537
LKG,MKU,3.6839330896430877
LKG,JYL,11514.348871636932
LKG,TTR,0.6853236485001944
LKG,EYK,108.35528564555982
MKU,JYL,9860.68307687869
MKU,LKG,25.405601556528122
MKU,TTR,0.8545038668057507
MKU,EYK,125.87595152313737
CIY,MAR,1355.3017154948739
CIY,BKD,9148.547023864267
CIY,MCX,43.76320176309906
CIY,ZUN,9579.280334209816
MAR,BKD,3523.082542006514
MAR,MCX,174.97270783312086
MAR,ZUN,4393.867498595993
MAR,CIY,8981.456033763247
BKD,MCX,166.89025720920128
BKD,ZUN,901.6808492744849
BKD,CIY,9642.229156686622
BKD,MAR,560.3216226694593
MCX,ZUN,10464.040371775434
MCX,CIY,2871.6011655576813
MCX,BKD,10390.123099743449
MCX,MAR,1732.5053551192875
ZUN,CIY,10096.206085802925
ZUN,MCX,168.0775456006088
ZUN,BKD,901.6808492744849
ZUN,MAR,698.81387598876
PKB,BHM,758.2873702126319
PKB,MCG,5133.140527271384
PKB,PBV,6029.967279987182
PKB,PLD,5.863240292526927
BHM,MCG,5382.389082710147
BHM,PBV,6203.002698057923
BHM,PLD,4.6699699833369
BHM,PKB,758.2873702126319
MCG,PBV,1001.0544809488722
MCG,PLD,14.389358357914528
MCG,PKB,5133.140527271384
MCG,BHM,5382.389082710147
PBV,PLD,15.662114962653604
PBV,PKB,6029.967279987182
PBV,MCG,1001.0544809488722
PBV,BHM,6203.002698057923
PLD,PKB,3092.2970481098105
PLD,PBV,8260.263855789739
PLD,MCG,7589.006787098002
PLD,BHM,2462.961378649278
LSA,RKE,1831.6063853207188
LSA,DLH,12062.881855042404
LSA,DRK,25.193912193629842
DLH,KYS,12.410729673945426
DLH,LSA,4672.332506037188
DLH,DRK,7.76465199746053
DLH,RKE,887.9395521233342
KYS,DRK,14.150559782623695
KYS,DLH,7726.575009605918
KYS,RKE,669.4373990423014
KYS,BMX,10609.49263047905
KYS,ONQ,1857.8681225812095
KYS,LED,92.44612686346673
KYS,COI,6873.75990101116
DRK,LSA,5146.616304146174
DRK,KYS,11.987466986502787
DRK,DLH,4095.109402551724
DRK,RKE,1282.1767614617302
IGB,BMW,98.40704698488616
IGB,HYS,8923.765324140088
IGB,SEY,27.034419970898753
IGB,YPE,8713.85539298821
HYS,SEY,27.34905984807596
HYS,YPE,1744.6586566949447
HYS,IGB,1016.7148308806319
HYS,BMW,91.70528048777652
SEY,YPE,7065.838302365812
SEY,IGB,930.4109515613357
SEY,HYS,8261.31422599633
SEY,BMW,15.144507401473705
YPE,IGB,1268.98527277654
YPE,SEY,29.898690701510194
YPE,HYS,2230.0042213015813
YPE,BMW,94.40835583763824
YHY,ZSJ,1187.5335324275297
YHY,IXZ,174.8572136120259
YHY,HUI,0.4747948362040989
ZSJ,KLL,3645.6944875630998
ZSJ,YHY,1187.5335324275297
KLL,IXZ,151.41459024718407
KLL,HUI,0.39211702622408867
KLL,ZSJ,2852.2333664819653
IXZ,HUI,0.07611683599081855
IXZ,YHY,8590.106529729108
IXZ,KLL,9507.754018962822
HUI,YHY,7866.968904337112
HUI,IXZ,25.67244178172474
HUI,KLL,8304.478448245878
SZX,PRY,814.4027471588853
SZX,EAT,10001.901634178246
SZX,CLS,9939.231904893159
PRY,OLC,3094.5232397722966
PRY,SZX,1647.3582670338806
OLC,EAT,7151.47008549567
OLC,CLS,7243.280613953581
OLC,PRY,806.1380799925238
OLC,JRO,6.16569448195545
OLC,YSY,6890.175799408335
EAT,CLS,201.1653041200832
EAT,SZX,1628.6823381961838
EAT,OLC,2209.9610340085696
CLS,SZX,1618.4773706850685
CLS,EAT,201.1653041200832
CLS,OLC,2238.3325000117943
HHN,CFR,562.744440722183
HHN,ELY,8153.226342696322
HHN,ADM,7651.330148949375
HHN,KLC,6.867835810086618
HHN,BXH,25.048586326220857
HHN,ZSN,434.65394569795245
HHN,PLL,2545.7716105509603
HHN,K03,6233.034874479039
CFR,ELY,7840.423860261208
CFR,ADM,7238.34455399267
CFR,KLC,6.31998631505171
CFR,HHN,562.744440722183
ELY,ADM,1592.8687918282587
ELY,KLC,14.861780840627816
ELY,HHN,8593.198084629345
ELY,CFR,8263.515872956585
ELY,CKV,2289.950000067944
ELY,JMK,10562.572942416566
ELY,AAO,902.6478977833272
ELY,CFB,3000.608426041394
ADM,KLC,12.661200276508877
ADM,HHN,8064.21811651494
ADM,ELY,1592.8687918282587
ADM,CFR,7628.946620987215
KLC,HHN,4506.453943626389
KLC,ADM,7882.511038288466
KLC,ELY,9252.531274007659
KLC,CFR,4146.972647671726
AOT,BHB,5419.355868341568
AOT,HRE,18.996241072337256
AOT,NAW,283.68863452487165
BHB,KHW,1105.497024213253
BHB,AOT,5711.800029870961
HRE,NAW,237.05732068027027
HRE,AOT,7472.950854577992
HRE,KHW,74.19372559659539
NAW,AOT,9826.416159503695
NAW,HRE,20.872868346700624
NAW,KHW,853.3306251075526
MZP,VDR,1074.5604692237534
MZP,KWM,3001.923041501526
VDR,BJZ,9914.441887845855
VDR,MZP,6947.366437932297
BJZ,BBO,8.378315545389588
BJZ,VDR,1071.751168076137
KWM,MZP,2892.65685055207
KWM,BBO,15.382547306252453
AJL,HKD,37.87044553563768
AJL,ADX,11454.484473080778
AJL,GAN,218.65685913456952
HKD,0G7,9372.11589049408
HKD,GAN,521.9752278108866
HKD,AJL,73.15551419630341
0G7,ADX,7367.439195087589
0G7,HKD,77.26464006686835
ADX,GAN,584.5847990875195
ADX,0G7,4982.697489699269
ADX,AJL,123.37106022400069
GAN,AJL,52.09563452417763
GAN,HKD,64.37859085362274
GAN,ADX,12931.47295237908
LHC,SCL,4.86413830416482
LHC,FKB,9505.684104207696
SCL,YAZ,7912.435143259735
SCL,LHC,1020.0268465337546
YAZ,NBS,1176.2882546136298
YAZ,SCL,15.818474676811867
NBS,FKB,8308.12965290457
NBS,YAZ,5651.513083493187
FKB,LHC,2958.1688932294346
FKB,NBS,1283.6060313737562
ANR,OSN,7.307798921609
ANR,PBD,97.23063525543101
ANR,JPR,2746.3974527229716
OSN,PBD,86.56193366289823
OSN,SAY,8979.576419543073
OSN,ANR,8719.483261674024
OSN,MLC,10314.477791203419
OSN,WMP,3.244867764949525
PBD,SAY,5848.016918374762
PBD,OSN,4.801294282122767
PBD,ANR,6434.853425243614
SAY,JPR,2787.120147749265
SAY,OSN,7.52578299721905
SAY,PBD,88.36353563664265
JPR,ANR,9366.976305330734
JPR,SAY,9505.866806784668
BOH,SFS,231.43713751965083
BOH,WAL,5476.396318708495
SFS,WEL,849.2321961897426
SFS,BOH,15179.203376639465
WEL,CWB,2171.3126985313056
WEL,SFS,237.82504158809368
CWB,WAL,7184.11675651415
CWB,WEL,565.6373257633735
WAL,BOH,8097.424531530509
WAL,CWB,2220.0495710475857
MKO,LKK,4717.915630022527
MKO,CER,7326.551007537586
MKO,JYV,7915.841171648015
MKO,KIF,1467.967822039933
LKK,CER,7702.659933644879
LKK,JYV,6519.706319049942
LKK,KIF,2928.8640718182633
LKK,MKO,4717.915630022527
CER,JYV,2174.879371324513
CER,KIF,4267.659795121009
CER,MKO,6951.431595951662
CER,LKK,7308.283745042261
JYV,KIF,4457.557246718328
JYV,MKO,7510.550103659636
JYV,CER,2174.879371324513
JYV,LKK,6185.897355514585
KIF,MKO,1876.3409262447642
KIF,JYV,6005.061628342083
KIF,CER,5749.238576210439
KIF,LKK,3743.643043703581
HTL,E63,2583.6225167616867
HTL,HLG,541.7511633014007
HTL,ASD,2177.591616004523
HTL,AUF,6420.9369419671075
HTL,SJI,285.0074614991539
HTL,CUA,198.86285420360454
HTL,YIF,1539.4357043814452
HTL,YRG,1614.1520051783848
E63,HLG,2801.6217941738378
E63,ASD,3354.926140980019
E63,AUF,9015.898989235113
E63,HTL,2583.6225167616867
HLG,ASD,1668.1883721924019
HLG,AUF,6444.107630691301
HLG,HTL,541.7511633014007
HLG,E63,2801.6217941738378
ASD,AUF,7371.296490488942
ASD,HTL,2156.6794626984256
ASD,HLG,1652.1681915826211
ASD,E63,3322.7076435927374
AUF,HTL,6092.184970538391
AUF,ASD,7061.702037888406
AUF,HLG,6114.169319999906
AUF,E63,8554.284960986275
PDV,SGD,241.85462564255454
PDV,RCS,2959.900505726462
PDV,ISB,40.254890838777406
PDV,PKN,0.7142043819268842
RCS,ISB,56.44877656043346
RCS,PKN,0.8398795943148177
RCS,PDV,1079.6073054246424
RCS,SGD,98.79444792863205
ISB,PKN,0.4101796615675851
ISB,PDV,2190.622954610486
ISB,RCS,8421.991772480284
ISB,SGD,716.4289286322143
PKN,PDV,5089.949613258867
PKN,ISB,53.71753980111425
PKN,RCS,16410.405053819748
PKN,SGD,1475.3503015861409
IWS,KVL,5765.698538990241
IWS,BRN,8059.509311469058
KVL,BLT,7870.8696509140655
KVL,IWS,5765.698538990241
BLT,CBO,92.8480478528293
BLT,KVL,10296.265165844845
BLT,PSI,100.43285286904988
BLT,RUA,4.264107544725249
BLT,SDN,1723.460242434255
BLT,BAL,4732.246741481091
CBO,BRN,10736.978367733804
CBO,BLT,3148.32581148467
CBO,CUN,944.8923116387175
CBO,GVA,10857.828659963663
CBO,DKS,120.6137104264009
CBO,STB,2637.796454575533
BRN,IWS,8103.923733278764
BRN,CBO,243.39123281668722
RMS,BLD,8519.850018751293
RMS,ABE,5940.906207850585
RMS,AMM,4128.213766669376
RMS,LTX,9262.061839332619
BLD,AMM,16029.5836831049
BLD,LTX,5207.417087664341
BLD,ABE,3260.415549898625
BLD,RMS,8979.605837638377
ABE,LTX,4355.163331464897
ABE,AMM,12536.462734837303
ABE,RMS,6261.494738459723
ABE,BLD,3260.415549898625
LTX,RMS,9761.869560848038
LTX,ABE,4355.163331464897
LTX,BLD,5207.417087664341
TRC,RES,818.2396301427979
TRC,CEF,3195.6825432754285
TRC,TLU,1.243854498910201
TRC,TPL,810.6446505234869
RES,CEF,7463.909795720391
RES,TLU,1.6219344457049996
RES,TPL,7287.841034699547
RES,TRC,464.6026688081862
TLU,TPL,3128.430414603859
TLU,TRC,210.84724977384184
TLU,CEF,3459.597116206877
TLU,RES,484.2063341085624
TPL,TRC,52.44242058298021
TPL,TLU,1.19393407791743
TPL,CEF,2392.7126248893383
TPL,RES,830.3284315461858
GKE,QOT,67.88299121072774
GKE,IXL,89.11681043357287
GKE,CMR,330.929078058197
GKE,BHD,1258.319251432886
QOT,IXL,82.62156741753785
QOT,CMR,8896.496678995924
QOT,BHD,12199.200738851767
QOT,GKE,8678.469855628708
IXL,CMR,5867.385927035886
IXL,BHD,9230.745111303608
IXL,GKE,5897.869651460812
IXL,QOT,42.77074125347326
BHD,GKE,896.9415150280747
BHD,CMR,1166.2430048242413
BHD,IXL,99.4201715245545
BHD,QOT,68.01778329125277
YSY,OLC,2721.5405420807274
YSY,DIW,81.2496220336976
YSY,MGQ,16.390585206776134
JRO,DIW,36.11297092859816
JRO,OLC,3446.676114603123
JRO,MGQ,1.5290743451556854
DIW,MGQ,5.503254158373407
DIW,YSY,8273.195395831786
DIW,JRO,2.5982514749039414
COI,KYS,11.040904394119949
COI,BMX,6134.429639128098
COI,ONQ,3479.7442112998906
COI,LED,127.77912093859653
BMX,ONQ,3172.6627656613973
BMX,LED,102.965216311671
BMX,COI,6134.429639128098
BMX,KYS,17.041385717590718
BMX,KZB,208.43480715538328
BMX,NCA,7163.961501164696
BMX,PTU,356.3371871010496
BMX,SJU,7789.657817392411
ONQ,LED,31.060635910159448
ONQ,COI,9135.532118653393
ONQ,BMX,8329.337111398821
ONQ,KYS,7.834507523004325
LED,COI,7955.1725686706295
LED,ONQ,736.5691481582431
LED,BMX,6410.327902658363
LED,KYS,9.244612686346674
GAJ,COH,74.05051522207597
GAJ,ECG,10344.883292363533
GAJ,DAW,9866.574416593834
COH,BIQ,8107.0674078359925
COH,GAJ,38.33376108981325
BIQ,ECG,5889.100056865782
BIQ,DAW,5157.978709875159
BIQ,COH,122.49778853240184
ECG,DAW,853.9438479542724
ECG,GAJ,85.28422967207794
ECG,BIQ,6206.8929773037335
DAW,GAJ,81.34100451791416
DAW,ECG,853.9438479542724
DAW,BIQ,5436.318201807715
DAW,WTE,10920.214582677978
DAW,19A,1412.7629590901706
DAW,QQW,7288.838060866498
SDV,GGT,9962.26013795078
SDV,ACC,1223.3967194200673
SDV,AXJ,67.29923450142368
SDV,BOU,3202.6163550552783
SDV,HKK,11196.816090058623
SDV,MRB,8971.049392885236
SDV,ZTB,5624.7698988518605
GGT,ACC,2174.0221737729757
GGT,YOC,4825.608044282917
GGT,SDV,2453.128566328381
ACC,YOC,8376.993223821191
ACC,GGT,7955.359978894236
ACC,SDV,1102.36549316728
YOC,AXJ,52.392905834239414
YOC,GGT,6227.84926097674
YOC,ACC,2954.461573482942
AGS,QRW,45.23444145886454
AGS,MHV,3144.856281173711
AGS,YXZ,1217.4950752095644
AGS,PSE,2178.6261889032744
QRW,YXZ,7116.30465649443
QRW,PSE,7519.655370970262
QRW,AGS,8960.007944920808
YXZ,MHV,2935.3186272794496
YXZ,PSE,3528.1329793220343
YXZ,AGS,1556.1893134296577
YXZ,QRW,45.92092052351923
MHV,PSE,5127.944696456682
MHV,AGS,3144.856281173711
MHV,YXZ,2296.466080343102
PSE,AGS,2178.6261889032744
PSE,MHV,5127.944696456682
PSE,YXZ,2760.258337427009
PSE,QRW,37.96284699298857
CSO,UTN,685.555799283974
CSO,MLC,7653.79341252654
UTN,WMP,0.9668997863468013
UTN,CSO,8975.59307782108
WMP,OSN,8.525152582458297
WMP,UTN,231.51036263689238
MLC,CSO,8066.814304939439
MLC,OSN,9.111049575050153
BXH,K03,5915.74682189088
BXH,ZSN,4435.24027025627
BXH,HHN,4836.568126321849
K03,ZSN,6295.123681645884
K03,PLL,3137.485874915334
K03,HHN,6569.3875152603705
K03,BXH,32.290949399844926
ZSN,PLL,2661.193146309695
ZSN,HHN,434.65394569795245
ZSN,BXH,22.970109359657222
ZSN,K03,5972.813349145615
PLL,HHN,8682.713542124693
PLL,ZSN,9076.374987413692
PLL,K03,10152.955655251259
GPT,REI,2526.996371379043
GPT,YNS,1925.7879835000715
GPT,XCD,7870.955572375812
GPT,CMX,1768.9594320882618
REI,YNS,2822.1735440805955
REI,XCD,9313.515665933322
REI,CMX,2655.17894902382
REI,GPT,2526.996371379043
YNS,XCD,5591.639554131678
YNS,CMX,970.9166377474266
YNS,GPT,2461.5218088978418
YNS,REI,3607.2723408644338
XCD,CMX,6274.182044082945
XCD,GPT,7467.9626470701705
XCD,YNS,4150.674041031944
XCD,REI,8836.663663837537
CMX,GPT,1768.9594320882618
CMX,XCD,6612.755105483711
CMX,YNS,759.6030988616302
CMX,REI,2655.17894902382
WSJ,MTY,334.6577601733321
WSJ,1G4,3582.099229045597
WSJ,PID,6564.406207329443
WSJ,GTN,8235.210326655899
MTY,PID,2192.6149165315333
MTY,GTN,8342.062308468076
MTY,1G4,1634.6506422286404
MTY,WSJ,5173.074011933162
PID,1G4,3486.6453782075423
PID,WSJ,6501.365980703732
PID,MTY,140.48298911973436
1G4,GTN,8186.540256651493
1G4,PID,3520.4534910653724
1G4,WSJ,3582.099229045597
1G4,MTY,105.74921629426007
GTN,WSJ,11179.807637617852
GTN,1G4,11113.735005738929
GTN,MTY,732.6309693715416
JMK,CFB,2851.9127152778137
JMK,AAO,1411.8357710680018
JMK,ELY,10021.769207764837
JMK,CKV,8792.20388737567
CFB,AAO,655.7737085077579
CFB,ELY,9710.017989863827
CFB,CKV,7733.958755866478
CFB,JMK,9726.851007086676
AAO,ELY,5675.495860946459
AAO,CKV,3610.7111453790485
AAO,JMK,9356.101862611013
AAO,CFB,1274.1739651058622
CKV,JMK,9266.65671097773
CKV,ELY,2289.950000067944
CKV,AAO,574.258338783409
CKV,CFB,2389.9628027192784
WTE,MNL,114.92095137449604
WTE,19A,10315.864841069124
WTE,DAW,10920.214582677978
MNL,QQW,15074.311617447018
MNL,WTE,5097.568895003359
QQW,19A,6341.203468989046
QQW,DAW,4929.538493228408
QQW,MNL,229.83785408595887
QQW,N69,5212.251871096093
QQW,CVF,841.1562340300104
QQW,YPL,4317.766880297886
19A,DAW,1412.7629590901706
19A,WTE,10315.864841069124
19A,QQW,9376.132321505831
SCW,BSX,5.644372091523337
SCW,CSK,11.61397158268872
SCW,PAS,3266.6436900155422
SCW,BZL,65.17304186623761
BSX,CSK,18.015647087425833
BSX,PAS,7105.425180812945
BSX,BZL,10.09909553743743
BSX,SCW,92.2073434181752
BSX,FYV,13346.462279672241
BSX,RTB,725.788655228793
BSX,RTG,0.2869355823727092
BSX,HCN,83.16799919073397
CSK,PAS,4977.024556729365
CSK,BZL,138.55571238453567
CSK,SCW,116.1397158268872
CSK,BSX,11.028082131141444
CSK,FLR,4395.064211239599
CSK,FAF,6184.925182541055
PAS,BZL,78.87079233473733
PAS,SCW,49.78364983583686
PAS,CSK,7.584985424455552
PAS,BSX,6.628651151180397
BZL,SCW,80.03522627247875
BZL,PAS,6355.422428262477
BZL,CSK,17.015222052702047
BZL,BSX,0.7591818071615938
NGZ,KAT,7317.504519559278
NGZ,BZZ,11954.976730379964
NGZ,NQT,11857.673985023439
KAT,CVO,10354.18171934744
KAT,NGZ,9933.965214133414
CVO,BZZ,11142.928760991577
CVO,NQT,11033.382450287056
CVO,KAT,7627.0421623650145
BZZ,NQT,188.74642672069194
BZZ,NGZ,8085.310372645597
BZZ,CVO,7536.111489364037
NQT,NGZ,8019.503226880203
NQT,BZZ,188.74642672069194
NQT,CVO,7462.023856890981
XGB,KUT,1383.8267844156026
XGB,ADF,1134.4918800952025
XGB,LOK,62.89528544221202
XGB,GDA,7.2214513407691205
KUT,ADF,217.19022737890387
KUT,LOK,46.203962863965636
KUT,GDA,6.413070428806455
KUT,XGB,3176.829165325075
LOK,GDA,2.6409780697908523
LOK,XGB,5984.3278251391075
LOK,ADF,1394.792444919483
LOK,KUT,1914.980611183961
GDA,XGB,4738.485131738268
GDA,LOK,18.213044300198067
GDA,ADF,1303.6022516451756
GDA,KUT,1833.0272170525536
WHF,SVX,69.48870785840067
WHF,IBE,4.174792486352039
WHF,KON,0.36076745633531426
SVX,KON,0.27587705909974797
SVX,WHF,727.2604267332616
SVX,AAH,3548.737640287874
KON,AAH,9582.5608527869
KON,WHF,1284.4287786938087
KON,SVX,93.84746385446783
AAH,IBE,3.265129742396749
AAH,SVX,54.0827616379872
AAH,KON,0.42929872620485315
IBE,WHF,1838.9378668134498
IBE,AAH,9017.20448052126
GME,STR,1589.1855720015976
GME,CWI,7694.574578438884
GME,UAK,598.7135514921301
GME,C89,7515.585734137652
STR,CWI,6879.3928753442515
STR,UAK,486.1057776288044
STR,C89,6681.852023349964
STR,GME,0.09995977247890049
UAK,C89,3292.47403918779
UAK,GME,0.28103792827503715
UAK,CWI,3480.2394611351474
UAK,STR,3627.655056931376
C89,GME,0.49824024312527226
C89,UAK,464.99949541648806
C89,CWI,206.65473929836895
C89,STR,7042.424139281159
FIE,AXD,2818.43463579721
FIE,SOO,113.94520207039956
FIE,MQH,2677.2549061713385
FIE,PUU,3.299920060897567
AXD,SOO,256.52704166365805
AXD,MQH,2845.439485231597
AXD,PUU,3.988309118591543
AXD,FIE,3953.9819505599057
SOO,MQH,2952.682869077942
SOO,PUU,3.6755225053245586
SOO,FIE,1462.5226348084498
SOO,AXD,2346.9994662731756
MQH,PUU,1.261775924258262
MQH,FIE,12810.09859436484
MQH,SOO,1100.7102237047034
MQH,AXD,9704.77314199044
PUU,FIE,12785.025831077595
PUU,MQH,1021.6865534176262
PUU,SOO,1109.45763554812
PUU,AXD,11014.385856369905
HUX,JOK,172.17546019728243
HUX,ODB,9060.921975991383
HUX,NAQ,941.2168775962531
DYU,ODB,6252.237910207757
DYU,NAQ,911.6757247979585
DYU,JOK,38.62850212605534
ODB,NAQ,711.3722517176765
ODB,HUX,556.159390886351
ODB,DYU,1086.6389487941083
ODB,JOK,66.3942191474414
NAQ,HUX,431.13352199147766
NAQ,ODB,5308.748147146839
NAQ,DYU,1182.4570221633223
NAQ,JOK,68.47884499498062
NAQ,SCE,3883.537421334228
NAQ,HDO,5277.353793648154
NAQ,PYM,3754.1650877360244
NAQ,OXC,3802.68742805805
GSP,FUT,95.83584045010846
GSP,CEE,124.88421594586136
FUT,UIK,163.76026993892532
FUT,GSP,10850.721410389368
UIK,PZB,902.2881282705528
UIK,FUT,90.04665761733557
PZB,CEE,151.06963928998246
PZB,UIK,180.0323523807702
CEE,GSP,7774.943837889321
CEE,PZB,757.1324835281404
QPZ,TED,181.36831021605963
QPZ,OMO,344.24471125164854
QPZ,TSS,6191.516999404072
QPZ,BBM,2.2100819372569087
QPZ,ERN,2849.538376744934
QPZ,BTT,7096.123667933109
QPZ,RSI,8832.83147582018
QPZ,PEU,403.8874195643009
TSS,OMO,3669.755776398645
TSS,QPZ,6525.6292152235155
TSS,TED,791.3330826833419
OMO,BBM,2.0640589453389517
OMO,TSS,6808.494878073982
OMO,QPZ,673.1417896981786
OMO,TED,222.7034539637433
KOI,GER,314.54577519845594
KOI,QXB,1808.9392167562964
KOI,IAG,5005.379839486787
KOI,ESH,1288.1891682244216
GER,QXB,8214.336093175862
GER,IAG,2269.4845905472953
GER,ESH,10699.842785351371
GER,KOI,10334.338829646695
QXB,IAG,6168.926490098455
QXB,ESH,1290.7426168663176
QXB,GER,350.7521511786093
QXB,KOI,2537.7608271874083
IAG,ESH,8055.736416351824
IAG,QXB,6501.819656511863
IAG,GER,102.13637438487511
IAG,KOI,7400.977420758868
MTM,FWM,9352.371277301942
MTM,VCV,2401.78662796343
MTM,C02,3210.249653644902
MTM,TIA,64.7036465839512
FWM,VCV,7624.82100247702
FWM,C02,5500.081250634482
FWM,TIA,17.83413605184495
FWM,MTM,6325.133557562251
C02,TIA,59.51592175541432
C02,MTM,3210.249653644902
C02,VCV,2520.711193423991
C02,FWM,8132.445179716605
TIA,MTM,8482.910028859043
TIA,C02,7802.778300613113
TIA,VCV,9958.850357484114
TIA,FWM,3457.1658791119635
GUS,GHB,1854.126500860443
GUS,NIP,1163.3552146466225
GUS,38W,2824.748611586461
GUS,TML,2335.7111180753086
NIP,38W,3794.2887066637627
NIP,TML,2250.745784353163
NIP,GUS,1163.3552146466225
NIP,GHB,729.4710981993774
38W,TML,2979.73329257245
38W,GUS,2824.748611586461
38W,NIP,3794.2887066637627
38W,GHB,4560.19933193441
TML,GUS,8464.945411878736
TML,38W,10798.972299437512
TML,NIP,8157.019099290607
TML,GHB,7761.755674401309
GZO,KKC,188.9694645430607
GZO,YPO,9268.696260005378
GZO,VOK,11818.43505790357
KKC,QNC,8600.737025512351
KKC,YPO,8931.109625155546
KKC,VOK,12494.38660098288
KKC,GZO,803.7911411807363
QNC,YPO,4486.134028925268
QNC,VOK,6699.167827879103
QNC,KKC,263.14463536089613
NCA,SJU,692.9601672483794
NCA,PTU,7519.848494030474
NCA,BMX,7163.961501164696
NCA,KZB,7100.329427400648
SJU,PTU,8144.135200623747
SJU,BMX,7789.657817392411
SJU,KZB,7736.092502587239
SJU,NCA,692.9601672483794
PTU,BMX,356.3371871010496
PTU,KZB,473.06512336380996
PTU,NCA,7519.848494030474
PTU,SJU,8144.135200623747
KZB,NCA,7100.329427400648
KZB,BMX,208.43480715538328
KZB,PTU,473.06512336380996
KZB,SJU,7736.092502587239
BBN,LMO,15857.01493129247
BBN,RKS,12581.278851070154
BBN,DEZ,38.035024673548506
LMO,MEM,6252.90607674216
LMO,RKS,6654.252592801798
LMO,DEZ,18.26608085948869
LMO,BBN,2900.356426951064
MEM,RKS,1719.7434957675305
MEM,DEZ,47.98044561241414
MEM,LMO,9245.575395300986
RKS,DEZ,49.19154902150515
RKS,BBN,3402.5676150765194
RKS,MEM,1719.7434957675305
RKS,LMO,9839.00818132551
DEZ,BBN,2164.5126039548786
DEZ,RKS,10351.062699402104
DEZ,MEM,10096.217963419502
DEZ,LMO,5683.185814543509
COU,LIK,9532.418471435529
COU,SOY,8929.09339274581
COU,MZR,186.69814394624262
COU,RNL,1515.0813362568877
LIK,SOY,17271.22088268219
LIK,RNL,317.4784047412502
LIK,MZR,171.18882532673786
LIK,COU,9532.418471435529
SOY,MZR,89.75308894258538
SOY,COU,6038.865073089475
SOY,LIK,11680.757269576494
MZR,RNL,1353.5468502300212
MZR,SOY,7659.039445106631
MZR,COU,10774.890448673663
MZR,LIK,9879.802765815624
RNL,COU,11706.100747887092
RNL,MZR,181.20773792981714
RNL,LIK,2452.96018256106
PEU,QPZ,9086.331148803169
PEU,ERN,843.5427742972819
PEU,BTT,7103.546018613006
PEU,RSI,753.3205628879424
ERN,BTT,9796.29221521514
ERN,RSI,1979.6867093909432
ERN,PEU,127.88361636259953
ERN,QPZ,9718.752990262394
BTT,RSI,7853.684795728175
BTT,PEU,332.7915477733433
BTT,ERN,3027.2690530154714
BTT,QPZ,7479.051083403361
RSI,PEU,35.2920520872355
RSI,BTT,7853.684795728175
RSI,ERN,611.766592741805
RSI,QPZ,9309.476681935264
MKK,ATP,2614.1235819948165
MKK,AEP,1306.5968781089657
ATP,BYN,3.279733872405978
ATP,MKK,6749.06246148757
BYN,LBE,9870.822024554827
BYN,ATP,2516.288513797906
LBE,AEP,929.1152246822979
LBE,BYN,4.983267021249749
AEP,MKK,11468.076946806537
AEP,LBE,8154.898475287366
AEP,OCJ,51.727379930916285
AEP,NCY,11038.351399848361
AEP,FTU,3.1064427708623343
AEP,NPL,7135.329379996761
FEL,YOO,4865.5631690628825
FEL,MZT,610.3558746040706
FEL,RMP,6897.812608195375
YOO,LNV,4861.5901641552255
YOO,MZT,208.70716772383858
YOO,RMP,4572.633410443811
YOO,FEL,6554.712608194642
LNV,MZT,692.0932609208875
LNV,RMP,8427.190375327815
LNV,YOO,9819.750690754894
LNV,BEH,12091.386237529909
LNV,LIO,24.873309715416013
LNV,LSY,2080.2517540412973
LNV,JHS,1691.557780640581
MZT,RMP,5354.345649460714
MZT,FEL,9943.88847513963
MZT,LNV,4143.764636500915
MZT,YOO,2524.0034311079403
RMP,FEL,7270.0385836797805
RMP,MZT,346.3846289670095
RMP,LNV,3264.1151590777527
RMP,YOO,3577.43020718006
YHF,NY9,900.8572561177087
YHF,DLC,1521.653725805832
YHF,DLF,2544.9927381242674
YHF,MHZ,7783.7999258526725
NY9,DLC,1646.0786275396008
NY9,DLF,2692.3851302645403
NY9,MHZ,7546.032155701204
NY9,YHF,704.7916749748896
DLC,DLF,10667.727930934876
DLC,MHZ,11752.866746127957
DLC,YHF,7310.8321078684085
DLC,NY9,10108.733992294972
DLF,MHZ,11463.139834264957
DLF,YHF,1991.0920209840258
DLF,DLC,1737.1036734079241
DLF,NY9,2692.3851302645403
MHZ,YHF,4118.550634371971
MHZ,DLF,7752.674513329953
MHZ,DLC,1294.331678862905
MHZ,NY9,5103.4822933418645
REC,KOZ,11741.796759863604
REC,YCB,7488.07393296481
REC,GUW,53.986462160361135
KOZ,MTL,8226.633657347389
KOZ,REC,3628.4726074957935
KOZ,YCB,1905.6761724161024
MTL,GUW,68.80407091104782
MTL,KOZ,10761.65726470592
GUW,YCB,5160.971932261161
GUW,REC,3056.348852175688
GUW,MTL,9635.758376478661
YRG,HTL,2063.1920012303
YRG,SJI,273.64987274602436
YRG,CUA,331.71989634481815
YRG,YIF,245.18425834475315
SJI,CUA,796.6448348049548
SJI,YIF,9741.380479377987
SJI,YRG,9496.507739101162
SJI,HTL,12642.126202449614
CUA,YIF,3943.9223422299533
CUA,YRG,4011.6598086796757
CUA,SJI,277.6186545532418
CUA,HTL,3073.9829923163898
YIF,YRG,245.18425834475315
YIF,CUA,326.1187570605881
YIF,SJI,280.7060870994142
YIF,HTL,1967.69041670095
GDN,YCS,4140.5958093171075
GDN,TIY,14.835662286477927
GDN,KNO,1071.5345198633313
GDN,PAN,257.5606886427136
YCS,TIY,23.988601233547353
YCS,KNO,5260.522847000958
YCS,PAN,350.8328010837364
YCS,GDN,1348.2177113187997
TIY,KNO,3864.716489761433
TIY,PAN,349.5600830693029
TIY,GDN,1141.6044491059263
TIY,YCS,5669.1304347858
KNO,PAN,287.5624367467744
KNO,GDN,258.98989345096714
KNO,TIY,12.139074494340662
KNO,YCS,3904.886109328811
PAN,GDN,2156.3012970191853
PAN,KNO,9960.597046995996
PAN,TIY,38.03145898582197
PAN,YCS,9020.546873725581
CWC,CDR,8280.459985158841
CWC,LWN,3.247944134687552
CWC,CMF,1548.6737924671672
CWC,BOO,255.7787989029978
CDR,LWN,20.10037019665854
CDR,CMF,7936.451262633667
CDR,BOO,773.5931481355229
CDR,CWC,384.35018733810637
CMF,BOO,283.65328501725463
CMF,CWC,68.20359382025404
CMF,LWN,6.1341026051846494
CMF,CDR,7530.104957986823
BOO,CWC,97.52812384145473
BOO,CMF,2455.872597551988
BOO,LWN,6.836291074698559
BOO,CDR,6354.850034207654
TNJ,YSF,9516.12693487654
TNJ,GLQ,15542.370863493537
TNJ,QPJ,31.69437756942366
YSF,GLQ,7671.911188657431
YSF,QPJ,23.79847069717062
YSF,MQT,1786.5079310406616
YSF,TNJ,0.9204606142046822
QPJ,TNJ,0.6927416467228672
QPJ,MQT,7059.319847505444
QPJ,GLQ,2666.1444577017237
QPJ,YSF,5377.657472910122
NUW,FGI,3529.1525013872238
NUW,URS,132.68090126580174
NUW,PYJ,98.16894198424075
NUW,ABA,125.28043238311176
FGI,PYJ,164.86067346188227
FGI,ABA,178.227468042104
FGI,NUW,8006.838577991864
PYJ,URS,65.53712583708926
PYJ,ABA,27.38771410806775
PYJ,NUW,6111.725206997876
PYJ,FGI,4523.932653658738
URS,ABA,55.18336576793668
URS,NUW,8260.343774343351
URS,PYJ,65.53712583708926
ABA,NUW,7799.611170938087
ABA,URS,55.18336576793668
ABA,PYJ,27.38771410806775
ABA,FGI,4890.730126982145
OKO,LHW,494.23807634908167
OKO,PPC,5247.415805522596
LHW,ALY,833.7189685643898
LHW,OKO,25.022202156650593
ALY,PSH,3076.220808579766
ALY,LHW,1031.3016864947815
PSH,PPC,6106.662696663276
PSH,ALY,384.2199789916128
PPC,OKO,43.26020913869914
PPC,PSH,6436.195928186421
L52,FAF,3723.518074844022
L52,PWE,84.83925598636586
FAF,CSK,9.934470887639721
FAF,L52,3723.518074844022
FLR,PWE,110.8363123762553
FLR,CSK,6.698077857929149
PWE,L52,5281.856041985821
PWE,FLR,7272.723909203103
N69,NXP,3575.72877870629
N69,QQW,7706.859348609517
N69,CVF,6217.70484085372
NXP,YPL,2093.2662241296325
NXP,N69,3575.72877870629
YPL,CVF,6637.790633646484
YPL,QQW,8160.306016933726
YPL,NXP,2675.590722691897
CVF,QQW,1180.0580807207016
CVF,N69,5899.35835300201
CVF,YPL,4927.231987355784
PYM,OXC,194.9365464083392
PYM,NAQ,530.2045971296662
PYM,SCE,574.4371512000818
PYM,HDO,2756.971610103759
OXC,NAQ,537.0574571667146
OXC,SCE,380.15459310514973
OXC,HDO,2563.5142849769595
OXC,PYM,194.9365464083392
SCE,HDO,2194.808579343465
SCE,PYM,574.4371512000818
SCE,NAQ,548.4759848848931
SCE,OXC,380.15459310514973
HDO,PYM,2756.971610103759
HDO,SCE,2194.808579343465
HDO,NAQ,745.3261049207977
HDO,OXC,2563.5142849769595
VAK,LPD,3.7859199168139033
VAK,WUX,947.528315228162
VAK,BIL,3777.0016836183245
VAK,OZC,175.10745401522945
LPD,WUX,2549.241258871006
LPD,BIL,6152.363068538898
LPD,OZC,392.39953555031616
LPD,VAK,9920.134816550762
WUX,BIL,9589.569584228197
WUX,OZC,55.96900580592444
WUX,VAK,5818.866443291134
WUX,LPD,5.974629513509329
OZC,VAK,7767.272200544633
OZC,BIL,11458.838790085361
OZC,WUX,404.2642074340966
OZC,LPD,6.642724255388942
JHS,LNV,4639.16033123443
JHS,BEH,3218.2223940493445
JHS,LIO,12.062790085231072
JHS,LSY,11172.7636670627
BEH,LIO,6.4631304993890355
BEH,LSY,10536.548032051724
BEH,LNV,4683.3731474412325
BEH,JHS,454.5128591933097
LIO,LSY,10018.251559816421
LIO,BEH,3408.681610795062
LIO,LNV,5081.123579997436
LIO,JHS,898.5068768321089
TCE,GEN,236.3270382518172
TCE,HNA,66.12426077615737
TCE,NZJ,10084.455196580173
TCE,STL,8430.068935587005
GEN,HNA,62.87926868247623
GEN,NZJ,8143.351209476407
GEN,STL,6564.747424057268
GEN,TCE,462.42346878710555
HNA,NZJ,8104.4064928762
HNA,STL,9358.776990027309
HNA,TCE,1910.5194241129595
HNA,GEN,928.4780788578375
NZJ,STL,2380.1568657673993
NZJ,TCE,2402.0730126761378
NZJ,HNA,66.81351980109362
NZJ,GEN,991.3122519967592
STL,TCE,2008.0054589404126
STL,NZJ,2380.1568657673993
STL,HNA,77.15467286677234
STL,GEN,799.1445272750996
MGT,DXR,14942.982810880945
MGT,LKP,14709.329484119262
MGT,ORN,145.37624611889325
MGT,BHO,111.70501161608763
DXR,LKP,307.45505822131116
DXR,ORN,60.537553423096355
DXR,BHO,184.66388412409287
DXR,MGT,11423.00319638696
LKP,ORN,59.878726285984065
LKP,BHO,180.6495282712143
LKP,MGT,11244.389412765282
LKP,DXR,307.45505822131116
ORN,BHO,113.06091638369772
ORN,MGT,10771.416008788769
ORN,LKP,5803.75273267358
ORN,DXR,5867.609632018983
BHO,MGT,5361.988413312267
BHO,ORN,73.24641366512355
BHO,LKP,11343.499167685515
BHO,DXR,11595.572022299095
PFR,FZI,10904.1326538731
PFR,XBK,5818.21165622046
PFR,CJL,65.34918880398034
PFR,ZPC,14.716936102145144
FZI,XBK,6764.823737670859
FZI,CJL,104.1755034664057
FZI,ZPC,13.392399042541932
FZI,PFR,17.51464814977087
XBK,CJL,51.97860478706583
XBK,ZPC,18.115911181536184
XBK,PFR,8.86695456407998
XBK,FZI,6418.464762302111
CJL,ZPC,24.956838243753992
CJL,PFR,10.591530760104863
CJL,XBK,5527.874591839394
CJL,FZI,10511.721545137267
ZPC,PFR,15.113619015949595
ZPC,CJL,158.13285040836845
ZPC,XBK,12207.487319094464
ZPC,FZI,8562.471840676404
AVO,SMR,0.7183155641669307
AVO,MUK,6796.2868735282755
AVO,XQU,3237.9957771395184
AVO,NKG,2019.7849116107843
MUK,XQU,6222.7314512194735
MUK,NKG,1639.5997843083765
MUK,AVO,9226.380005156143
MUK,SMR,3.5220655473640385
XQU,NKG,1398.250160161895
XQU,AVO,4138.771916138993
XQU,MUK,5858.907464983551
XQU,SMR,2.263977715935398
NKG,AVO,12403.701774345063
NKG,XQU,6717.935882771357
NKG,MUK,7416.933911023459
NKG,SMR,5.449338290431627
BLE,HGU,4630.710463865303
BLE,SPZ,7757.913098749802
BLE,SXR,77.19228920161407
BLE,SNV,1333.6073564290432
HGU,SPZ,10410.4234268312
HGU,SXR,128.6911698082449
HGU,SNV,2594.6509314507193
HGU,BLE,1377.2425951033404
SXR,SNV,2069.2824285322777
SXR,BLE,558.3796962102197
SXR,SPZ,11127.387073124857
SXR,HGU,3129.980470187293
SNV,BLE,965.9594702299166
SNV,SXR,207.202501624405
SNV,SPZ,6623.652489503458
SNV,HGU,6318.980896674217
OQU,SGJ,1490.8319812578345
OQU,OUL,6189.836592357944
OQU,RJA,195.3735371970277
OQU,COL,6735.633191410454
SGJ,OUL,7750.659451031101
SGJ,RJA,218.77320900126225
SGJ,COL,8918.296041061654
SGJ,OQU,1490.8319812578345
OUL,RJA,101.89207287980933
OUL,COL,2712.1727359182614
OUL,OQU,5872.916958829217
OUL,SGJ,7353.825687138308
RJA,COL,11682.985315770007
RJA,OQU,12268.06168713037
RJA,OUL,6743.35359892848
RJA,SGJ,13737.393825307585
COL,OQU,4555.398654223564
COL,RJA,125.83213922680504
COL,OUL,1933.2616265722868
COL,SGJ,6031.562679990946
OCJ,NPL,9007.878325663894
OCJ,FTU,4.534529830792438
OCJ,NCY,8022.930705547206
OCJ,AEP,671.0344138403997
NPL,FTU,3.5179373011818926
NPL,NCY,18773.164619282106
NPL,AEP,1103.633003258907
NPL,OCJ,107.40113047325401
FTU,NCY,8902.647497552714
FTU,AEP,1052.6848386527222
FTU,OCJ,118.45215385577865
FTU,NPL,7707.4808144076005
NCY,AEP,1193.245786323608
NCY,OCJ,66.85508156932487
NCY,FTU,2.839944551719316
NCY,NPL,13120.564752416263
FOC,TCS,11172.216668500327
FOC,MVQ,0.48292193387737115
FOC,ASI,20722.263396456226
FOC,VEY,64.47082051116932
TCS,MVQ,0.5969455018237528
TCS,ASI,15092.97532524678
TCS,VEY,44.89432330759492
TCS,FOC,1819.2532412345072
MVQ,ASI,11282.389591572992
MVQ,VEY,20.42327232489939
MVQ,FOC,1186.1913956129388
MVQ,TCS,9004.48159189788
ASI,VEY,54.11331491239862
ASI,FOC,2282.1225281577354
ASI,MVQ,0.5058538066219553
ASI,TCS,10207.580717509547
VEY,FOC,1464.1690091100486
VEY,ASI,11159.131190739972
VEY,MVQ,0.18883196078732492
VEY,TCS,6261.3161773109005
RTG,HCN,101.96886288265824
RTG,BSX,3.7281644121935997
RTG,FYV,14584.259096968346
RTG,RTB,754.0542084445339
HCN,BSX,2.592296239393108
HCN,FYV,11945.653687797956
HCN,RTB,658.6873520344694
HCN,RTG,0.2446162497485754
FYV,RTB,102.95856021966495
FYV,RTG,1.103657043805151
FYV,BSX,13.122802129749404
FYV,HCN,376.8269549702707
RTB,RTG,1.2180223209520253
RTB,FYV,2197.6846329902833
RTB,BSX,15.232581247760201
RTB,HCN,443.52108990757415
LER,SLH,45.81856179063961
LER,ZFV,17106.961018529644
LER,AGN,12762.407993446386
LER,MZK,4729.097440909863
SLH,ZFV,12624.518383061626
SLH,AGN,9038.733747926131
SLH,MZK,1361.855761694531
SLH,LER,3681.0149387185324
ZFV,AGN,4357.266549404857
ZFV,MZK,8466.314373104442
ZFV,LER,13077.233164776088
ZFV,SLH,120.12452778486546
AGN,MZK,5558.586845453416
AGN,LER,9756.0861273679
AGN,ZFV,4357.266549404857
AGN,SLH,86.00515206184349
MZK,LER,4729.097440909863
MZK,AGN,7271.456223585001
MZK,ZFV,11075.195198126974
MZK,SLH,16.951377108201058
LIT,JAD,12619.214379865069
LIT,RWN,386.3895908196691
LIT,QCJ,2316.614724710973
LIT,BTR,452.8841496920227
JAD,RWN,558.7099421286526
JAD,QCJ,4008.976785063013
JAD,BTR,16554.734526065018
JAD,LIT,16507.804499677346
RWN,QCJ,3208.049733152033
RWN,BTR,8634.015518237573
RWN,LIT,8324.396997495505
RWN,JAD,9201.460513758215
QCJ,BTR,7105.43462598944
QCJ,LIT,7496.603174644513
QCJ,RWN,481.86395036840213
QCJ,JAD,9917.158465914743
BTR,LIT,452.8841496920227
BTR,QCJ,2195.7350678120824
BTR,RWN,400.76100698058883
BTR,JAD,12655.089535998059
NNB,LNK,11098.46173545516
NNB,LWY,1409.1824530808092
NNB,ZQF,15135.289670575963
NNB,MLU,11480.713189108863
LNK,LWY,3584.893214482813
LNK,ZQF,7483.851598491136
LNK,MLU,965.9321558036241
LNK,NNB,1436.4366580036822
LWY,ZQF,10905.338000503836
LWY,MLU,14184.518738419361
LWY,NNB,674.3866143348533
LWY,LNK,13255.443031571682
ZQF,MLU,7478.338623927728
ZQF,NNB,1858.6135715467283
ZQF,LWY,2798.3097309292843
ZQF,LNK,7100.67839664839
MLU,NNB,1485.9101808838202
MLU,ZQF,7881.8914670401855
MLU,LWY,3836.158840934241
MLU,LNK,965.9321558036241
MRB,ZTB,1414.85086193246
MRB,SDV,2230.4706490109897
MRB,BOU,6258.703453250006
MRB,HKK,10069.057775302095
ZTB,SDV,1787.5295960381973
ZTB,BOU,4402.461845283251
ZTB,HKK,11288.631909248432
ZTB,MRB,1808.4473902755194
BOU,HKK,13277.509253053067
BOU,MRB,5938.257836443605
BOU,SDV,755.4971981575402
BOU,ZTB,3267.947427753757
HKK,MRB,13669.369033061423
HKK,BOU,18997.723927676445
HKK,SDV,3779.265868714879
HKK,ZTB,11989.628653934913
MLB,TMP,8001.169832784132
MLB,MSH,32322.02572103574
MLB,XBG,1779.5512975664374
MLB,OMN,120.15162545307544
MSH,XBG,8069.685112326611
MSH,OMN,12338.315601734797
MSH,MLB,12395.27020092911
MSH,TMP,5282.9814005162625
XBG,OMN,2179.037784304147
XBG,MLB,2274.6036253954408
XBG,MSH,26896.413763178323
XBG,TMP,5661.989301124976
OMN,MLB,120.15162545307544
OMN,XBG,1704.7847252202446
OMN,MSH,32173.510360720975
OMN,TMP,7916.603784539334
PAP,MYR,1711.3778661278259
PAP,MIA,1090.0692108341868
PAP,DZA,13332.129461741548
PAP,PDB,7378.520241094639
MYR,MIA,841.3167295186064
MYR,DZA,13942.589294695981
MYR,PDB,5709.2929037098365
MYR,PAP,1711.3778661278259
MIA,DZA,14164.621904883656
MIA,PDB,6315.404155443591
MIA,PAP,1090.0692108341868
MIA,MYR,841.3167295186064
DZA,PDB,13807.309987790995
DZA,PAP,12649.524433300381
DZA,MIA,13439.393263353611
DZA,MYR,13228.728722807547
PDB,PAP,7378.520241094639
PDB,DZA,14552.392482916312
PDB,MIA,6315.404155443591
PDB,MYR,5709.2929037098365
SNU,DUM,1.2443640637389877
SNU,LKH,4293.234431796918
SNU,QYD,2056.7563698428035
SNU,FZG,1018.6724631356224
DUM,LKH,383.5754803466752
DUM,QYD,2273.3540459554797
DUM,FZG,15446.400631648014
DUM,SNU,740.0326674325179
LKH,QYD,2443.8314226192138
LKH,FZG,14879.013299558725
LKH,SNU,714.423656421389
LKH,DUM,0.10732938226380077
QYD,FZG,7479.748839644972
QYD,SNU,363.3574554914676
QYD,LKH,2594.4854904596205
QYD,DUM,0.675328177491119
FZG,SNU,45.844555413038655
FZG,QYD,1905.4124099306382
FZG,LKH,4023.982728358736
FZG,DUM,1.16889920462935
KND,SBM,11501.681265059742
KND,KFS,1800.9270838235987
KND,LTO,907.5693320888597
KND,LLW,3.225505386754405
SBM,KFS,3218.391856295648
SBM,LTO,177.79513346139984
SBM,LLW,29.496711622752194
SBM,KND,18.474454308548744
KFS,LTO,719.0181973754703
KFS,LLW,13.302897219619444
KFS,KND,7.594390912416061
KFS,SBM,8449.391790961014
LTO,LLW,35.040292161153644
LTO,KND,22.533979506409615
LTO,KFS,4233.5154208454705
LTO,SBM,2748.3222976242455
LLW,KND,2.26424238112101
LLW,LTO,990.6831565415065
LLW,KFS,2214.494267697129
LLW,SBM,12891.054807769358
TIJ,LYG,1625.9718049157025
TIJ,WWK,4078.85792421494
TIJ,XEG,2755.85270847717
TIJ,HAE,69.1314276464661
LYG,WWK,1819.1671716414583
LYG,XEG,8245.435152522614
LYG,HAE,4.918913473550458
LYG,TIJ,645.9686044383548
WWK,XEG,10410.35359912658
WWK,HAE,34.99453835547088
WWK,TIJ,681.2525153423483
WWK,LYG,764.7927293023274
XEG,HAE,74.48547131013402
XEG,TIJ,227.87853865866725
XEG,WWK,5153.987535604228
XEG,LYG,1716.1790799740588
HAE,TIJ,603.6828893071686
HAE,XEG,7866.064213047726
HAE,WWK,1829.6333540525748
HAE,LYG,108.11952363971344
CUN,STB,315.0554883010829
CUN,DKS,144.16164829247737
CUN,GVA,8074.977400884852
CUN,CBO,329.28065405591667
STB,DKS,162.10346798760932
STB,GVA,7898.615953109052
STB,CBO,373.9063364040467
STB,CUN,128.15179504254783
DKS,GVA,4383.415368364126
DKS,CBO,169.28656601185796
DKS,CUN,580.6195519811195
DKS,STB,1605.0796141292813
GVA,CBO,246.13072810155018
GVA,CUN,525.2671819269947
GVA,DKS,70.79615325759781
GVA,STB,1263.1423774100847
ZXB,MMB,55.22855880538917
ZXB,HRT,6070.757547135061
ZXB,BUU,4944.477409342536
ZXB,GOB,376.67175958843626
MMB,HRT,9744.957386400936
MMB,BUU,8601.86620217084
MMB,GOB,482.35059699035537
MMB,ZXB,815.5073564334506
HRT,BUU,1300.9080094917872
HRT,GOB,627.1354516317257
HRT,ZXB,739.0097983706784
HRT,MMB,80.33838182591496
GOB,ZXB,926.6365970705941
GOB,BUU,12077.476096481958
GOB,HRT,12673.612705179581
GOB,MMB,80.36094504065089
ZFA,URG,3589.8350030621395
ZFA,PUZ,239.90530516493982
ZFA,INT,4391.841850639233
ZFA,ZIH,340.24546070850687
URG,PUZ,203.80289019369627
URG,INT,7324.21155738849
URG,ZIH,435.8188091916807
URG,ZFA,9088.453351886174
PUZ,INT,2349.301761123191
PUZ,ZIH,121.07603771771534
PUZ,ZFA,4922.103593806932
PUZ,URG,1651.6033002982795
INT,ZIH,180.05445326680928
INT,ZFA,3435.9867261061363
INT,PUZ,89.5844621811099
INT,URG,2263.341935735988
ZIH,ZFA,4114.763856043087
ZIH,INT,2783.246419999163
ZIH,PUZ,71.36740053155656
ZIH,URG,2081.8194013522448
THS,IQN,340.26861209624184
THS,MWH,11247.094326213359
THS,BWO,90.5632414158312
THS,SMT,69.31879112576073
IQN,MWH,9175.022441173487
IQN,BWO,75.63890349265033
IQN,SMT,55.14771874845496
IQN,THS,63.582879166462796
MWH,BWO,136.10400581716272
MWH,SMT,301.64236104660114
MWH,THS,342.2255619706784
MWH,IQN,1494.0355893352696
BWO,SMT,203.67385977341493
BWO,THS,171.5591062778902
BWO,MWH,8473.456740113123
BWO,IQN,766.81171847864
SMT,THS,66.86379885735757
SMT,BWO,103.70830681412775
SMT,MWH,9562.254332142169
SMT,IQN,284.6749932053555
SDN,BAL,1291.0829485387032
SDN,BLT,10822.73345313909
SDN,PSI,54.98115695236569
SDN,RUA,2.252714951752464
BAL,BLT,9497.2290027566
BAL,PSI,23.698494747602204
BAL,RUA,1.3193134739229488
BAL,SDN,412.61782112955234
PSI,RUA,1.399303048638606
PSI,SDN,675.3508059128189
PSI,BLT,7746.883780274579
PSI,BAL,910.8407956804676
RUA,SDN,791.8094246117153
RUA,PSI,40.04152941676449
RUA,BLT,9411.9208831078
RUA,BAL,1451.0039241501938
